target_year,observed_direction,predicted_direction,n,neutral_band_Delta_MEHI
2010,softening,softening,0,0.01
2010,softening,near_neutral,38239,0.01
2010,softening,hardening,902,0.01
2010,near_neutral,softening,0,0.01
2010,near_neutral,near_neutral,14465,0.01
2010,near_neutral,hardening,222,0.01
2010,hardening,softening,0,0.01
2010,hardening,near_neutral,27477,0.01
2010,hardening,hardening,9496,0.01
2020,softening,softening,0,0.01
2020,softening,near_neutral,35899,0.01
2020,softening,hardening,629,0.01
2020,near_neutral,softening,0,0.01
2020,near_neutral,near_neutral,11574,0.01
2020,near_neutral,hardening,136,0.01
2020,hardening,softening,0,0.01
2020,hardening,near_neutral,23775,0.01
2020,hardening,hardening,8856,0.01
2023,softening,softening,0,0.01
2023,softening,near_neutral,34742,0.01
2023,softening,hardening,644,0.01
2023,near_neutral,softening,0,0.01
2023,near_neutral,near_neutral,11734,0.01
2023,near_neutral,hardening,146,0.01
2023,hardening,softening,0,0.01
2023,hardening,near_neutral,23048,0.01
2023,hardening,hardening,9199,0.01
