source_of_uncertainty,metric_target,SSP,year,lambda,eligibility,realization_count,global_mean_Delta_sMEHI,hard_edge_fraction_future,p05,p50,p95,global_or_subset,top_five_country_codes,method_tier
SSP_lambda_eligibility_monte_carlo,Delta_sMEHI,SSP2,2100,150,conservative,100,0.1042439639615191,0.0489595562588263,0.095490870836129,0.1110234353527317,0.1247371113114045,global,"PHL,MOZ,THA,CHN,SGP",country_aggregated_150m_exposure_screen
SSP_lambda_eligibility_monte_carlo,Delta_sMEHI,SSP2,2100,150,reclamation_pressure,100,0.1042439639615191,0.0489595562588263,0.1038850473340553,0.1190225747009448,0.1352415274035194,global,"PHL,MOZ,THA,CHN,SGP",country_aggregated_150m_exposure_screen
SSP_lambda_eligibility_monte_carlo,Delta_sMEHI,SSP2,2100,300,conservative,100,0.1042439639615191,0.0489595562588263,0.0909207602732188,0.103995592246599,0.1172026061696056,global,"PHL,MOZ,THA,CHN,SGP",country_aggregated_150m_exposure_screen
SSP_lambda_eligibility_monte_carlo,Delta_sMEHI,SSP2,2100,300,reclamation_pressure,100,0.1042439639615191,0.0489595562588263,0.0967368879884008,0.1129961256826898,0.1268496169083511,global,"PHL,MOZ,THA,CHN,SGP",country_aggregated_150m_exposure_screen
SSP_lambda_eligibility_monte_carlo,Delta_sMEHI,SSP2,2100,600,conservative,100,0.1042439639615191,0.0489595562588263,0.0863978815175908,0.0989080782567492,0.1120325138739765,global,"PHL,MOZ,THA,CHN,SGP",country_aggregated_150m_exposure_screen
SSP_lambda_eligibility_monte_carlo,Delta_sMEHI,SSP2,2100,600,reclamation_pressure,100,0.1042439639615191,0.0489595562588263,0.096142276141963,0.1097936053976236,0.1203703333943454,global,"PHL,MOZ,THA,CHN,SGP",country_aggregated_150m_exposure_screen
SSP_lambda_eligibility_monte_carlo,Delta_sMEHI,SSP5,2100,150,conservative,100,0.1641945626785668,0.0633113844792677,0.1494541041222569,0.1702470969073821,0.195595839327823,global,"PHL,SGP,MOZ,MYS,THA",country_aggregated_150m_exposure_screen
SSP_lambda_eligibility_monte_carlo,Delta_sMEHI,SSP5,2100,150,reclamation_pressure,100,0.1641945626785668,0.0633113844792677,0.1624283157095662,0.1847235590903889,0.2131606055718725,global,"PHL,SGP,MOZ,MYS,THA",country_aggregated_150m_exposure_screen
SSP_lambda_eligibility_monte_carlo,Delta_sMEHI,SSP5,2100,300,conservative,100,0.1641945626785668,0.0633113844792677,0.1411338803222325,0.1606380204476973,0.1842481663387033,global,"PHL,SGP,MOZ,MYS,THA",country_aggregated_150m_exposure_screen
SSP_lambda_eligibility_monte_carlo,Delta_sMEHI,SSP5,2100,300,reclamation_pressure,100,0.1641945626785668,0.0633113844792677,0.1540842080187139,0.1713408779361461,0.2010735814708786,global,"PHL,SGP,MOZ,MYS,THA",country_aggregated_150m_exposure_screen
SSP_lambda_eligibility_monte_carlo,Delta_sMEHI,SSP5,2100,600,conservative,100,0.1641945626785668,0.0633113844792677,0.1349647444946544,0.1559389912603677,0.1766244910427591,global,"PHL,SGP,MOZ,MYS,THA",country_aggregated_150m_exposure_screen
SSP_lambda_eligibility_monte_carlo,Delta_sMEHI,SSP5,2100,600,reclamation_pressure,100,0.1641945626785668,0.0633113844792677,0.1455999199043003,0.1682240732707648,0.1907794323692187,global,"PHL,SGP,MOZ,MYS,THA",country_aggregated_150m_exposure_screen
