route_threshold,route,weight_m2_sum,share_of_hardening_weight_percent,grid_count
0.2,proximity_only_route,149861142.1909996,54.153735226003874,17178
0.2,vegetation_buffer_loss_route,48486964.18223272,17.521221190819556,6134
0.2,mixed_route,39954960.506883666,14.438101302454696,4889
0.2,built_up_replacement_route,17421168.21541412,6.295303219181464,4039
0.2,water_edge_narrowing_route,14099388.867363669,5.094946964961378,2250
0.2,tidal_flat_loss_route,6909165.687852834,2.4966920965790194,1129
0.3,proximity_only_route,149868582.62026167,54.156423895196816,17183
0.3,vegetation_buffer_loss_route,51617096.485103644,18.652323980200368,6729
0.3,mixed_route,40862681.07398306,14.766114678912542,5075
0.3,water_edge_narrowing_route,15080337.605943343,5.449422030896893,2455
0.3,built_up_replacement_route,11983053.50480418,4.330189248598806,2961
0.3,tidal_flat_loss_route,7321038.360650726,2.645526166194587,1216
0.4,proximity_only_route,149868582.62026167,54.1564238951968,17183
0.4,vegetation_buffer_loss_route,54115756.791428685,19.555238415991834,7211
0.4,mixed_route,41510697.93444794,15.00028167490991,5185
0.4,water_edge_narrowing_route,15755117.686330654,5.693260168487643,2595
0.4,built_up_replacement_route,8022369.4408769095,2.898958757652687,2193
0.4,tidal_flat_loss_route,7460265.177400767,2.69583708776111,1252
