scenario,pmehi_group,metric,n_grid,total_weight_m2,weighted_mean,weighted_median,weighted_q25,weighted_q75
baseline_all_grids,hardening,pMEHI,32242,246613712.22138575,0.09806896293039583,0.0597239086489859,0.0232378209072476,0.1355631789868477
baseline_all_grids,hardening,delta_built_share,32242,246613712.22138575,0.018449918145494803,0.0,0.0,0.0
baseline_all_grids,hardening,delta_soft_share,32242,246613712.22138575,-0.024374083562014495,-0.0128956882969552,-0.1166476342521632,0.0618068877781574
baseline_all_grids,hardening,soft_to_built_share_of_changed,32242,246613712.22138575,0.04013991182179746,0.0,0.0,0.0
baseline_all_grids,near_neutral,pMEHI,11877,113026383.06984869,-5.482903145637306e-05,0.0,-6.53642288846179e-06,2.4999957548565988e-08
baseline_all_grids,near_neutral,delta_built_share,11877,113026383.06984869,-4.251013837979742e-05,0.0,0.0,0.0
baseline_all_grids,near_neutral,delta_soft_share,11877,113026383.06984869,-0.02126330844849241,-4.037049694538553e-07,-0.0793245561822978,0.0399015709731372
baseline_all_grids,near_neutral,soft_to_built_share_of_changed,11877,113026383.06984869,0.00127153979097503,0.0,0.0,0.0
baseline_all_grids,softening,pMEHI,35386,296990158.73961496,-0.08962652340731304,-0.0632470235472508,-0.1281919809848728,-0.0247606625916869
baseline_all_grids,softening,delta_built_share,35386,296990158.73961496,-0.013288244099843026,0.0,0.0,0.0
baseline_all_grids,softening,delta_soft_share,35386,296990158.73961496,-0.0533280932064586,-0.0290269403847537,-0.1432456692450106,0.038487821108867
baseline_all_grids,softening,soft_to_built_share_of_changed,35386,296990158.73961496,0.0031540568713200627,0.0,0.0,0.0
exclude_area_closure_warning_grids,hardening,pMEHI,31385,242891836.71624467,0.0972879227933739,0.0591230420911116,0.0230410400427684,0.1342024456318397
exclude_area_closure_warning_grids,hardening,delta_built_share,31385,242891836.71624467,0.0185523643673901,0.0,0.0,0.0
exclude_area_closure_warning_grids,hardening,delta_soft_share,31385,242891836.71624467,-0.023421953450195,-0.0125190797048078,-0.1157723442269602,0.0626192441361944
exclude_area_closure_warning_grids,hardening,soft_to_built_share_of_changed,31385,242891836.71624467,0.0405136666939379,0.0,0.0,0.0
exclude_area_closure_warning_grids,near_neutral,pMEHI,11396,109787703.93399172,-5.549624803285118e-05,0.0,-7.492073234516283e-05,4.923157853609084e-08
exclude_area_closure_warning_grids,near_neutral,delta_built_share,11396,109787703.93399172,-4.275994174210266e-05,0.0,0.0,0.0
exclude_area_closure_warning_grids,near_neutral,delta_soft_share,11396,109787703.93399172,-0.0219117959521246,-6.840917621951919e-05,-0.0811183152318392,0.0416447324008545
exclude_area_closure_warning_grids,near_neutral,soft_to_built_share_of_changed,11396,109787703.93399172,0.0013088430402719,0.0,0.0,0.0
exclude_area_closure_warning_grids,softening,pMEHI,34478,292788991.91838306,-0.0888513610297421,-0.0626599445142966,-0.1270461579916285,-0.0245855920315828
exclude_area_closure_warning_grids,softening,delta_built_share,34478,292788991.91838306,-0.0133369462627265,0.0,0.0,0.0
exclude_area_closure_warning_grids,softening,delta_soft_share,34478,292788991.91838306,-0.0544099218725862,-0.0304132037781518,-0.1439272357985762,0.0373728391452985
exclude_area_closure_warning_grids,softening,soft_to_built_share_of_changed,34478,292788991.91838306,0.0031904178267503,0.0,0.0,0.0
