route_threshold,route,global_weight_m2,global_route_share_percent,number_of_changed_route_labels
0.2,built_up_replacement_route,17421168.21541412,2.653116896224469,1078
0.2,mixed_route,39954960.506883666,6.084849161550592,1078
0.2,not_hardening,379897464.38010275,57.85561387828692,1078
0.2,proximity_only_route,149861142.1909996,22.822759272977226,1078
0.2,tidal_flat_loss_route,6909165.687852834,1.0522155574525556,1078
0.2,vegetation_buffer_loss_route,48486964.18223272,7.384211111898407,1078
0.2,water_edge_narrowing_route,14099388.867363669,2.1472341216098245,1078
0.3,built_up_replacement_route,11983053.50480418,1.8249316767303871,0
0.3,mixed_route,40862681.07398306,6.2230883854558545,0
0.3,not_hardening,379897464.38010275,57.855613878286924,0
0.3,proximity_only_route,149868582.62026167,22.82389239610343,0
0.3,tidal_flat_loss_route,7321038.360650726,1.1149407624319994,0
0.3,vegetation_buffer_loss_route,51617096.485103644,7.860907438888524,0
0.3,water_edge_narrowing_route,15080337.605943343,2.2966254621028854,0
0.4,built_up_replacement_route,8022369.4408769095,1.2217483723343652,768
0.4,mixed_route,41510697.93444794,6.321776628418603,768
0.4,not_hardening,379897464.38010275,57.855613878286924,768
0.4,proximity_only_route,149868582.62026167,22.82389239610343,768
0.4,tidal_flat_loss_route,7460265.177400767,1.1361439914783875,768
0.4,vegetation_buffer_loss_route,54115756.791428685,8.241435185057169,768
0.4,water_edge_narrowing_route,15755117.686330654,2.3993895483211256,768
