scenario,route,grid_count,weight_m2_sum,share_of_hardening_weight_percent
baseline_all_grids,proximity_only_route,17183,149868582.62026167,54.156423895196816
baseline_all_grids,vegetation_buffer_loss_route,6729,51617096.485103644,18.652323980200368
baseline_all_grids,mixed_route,5075,40862681.07398306,14.766114678912542
baseline_all_grids,water_edge_narrowing_route,2455,15080337.605943343,5.449422030896893
baseline_all_grids,built_up_replacement_route,2961,11983053.50480418,4.330189248598806
baseline_all_grids,tidal_flat_loss_route,1216,7321038.360650726,2.645526166194587
exclude_area_closure_warning_grids,proximity_only_route,16754,148148842.75097305,54.33723990518341
exclude_area_closure_warning_grids,vegetation_buffer_loss_route,6479,50379111.74298389,18.477781062320037
exclude_area_closure_warning_grids,mixed_route,4949,40142502.97781891,14.723252468240824
exclude_area_closure_warning_grids,water_edge_narrowing_route,2396,14814192.873917025,5.433470402092633
exclude_area_closure_warning_grids,built_up_replacement_route,2926,11910536.26533539,4.368482766597012
exclude_area_closure_warning_grids,tidal_flat_loss_route,1195,7251791.7954709185,2.6597733955661016
