from_code,from_class,to_code,to_class,transition_area_m2,transition_area_km2,share_of_all_transition_percent,share_of_changed_area_percent
1,Mangrove,1,Mangrove,228596960.09952548,228.5969600995255,31.924125909921788,0.0
1,Mangrove,2,Tidal flat,7202791.540616204,7.202791540616204,1.0058874971278695,2.735793032971771
1,Mangrove,3,Non-mangrove vegetation,56621494.390188254,56.62149439018825,7.907330505765777,21.506202004546008
1,Mangrove,4,Water,11212442.777043603,11.212442777043604,1.5658451224211012,4.25875477015489
1,Mangrove,5,Built-up,7569005.326710908,7.569005326710908,1.0570301501716657,2.874889814952274
1,Mangrove,6,Other,3638527.6051748567,3.6385276051748567,0.5081293003360872,1.382000078217069
2,Tidal flat,1,Mangrove,8785215.226948079,8.785215226948079,1.2268768444197466,3.336835513774413
2,Tidal flat,2,Tidal flat,19762024.952112176,19.76202495211217,2.759815233464055,0.0
2,Tidal flat,3,Non-mangrove vegetation,4256608.666989333,4.256608666989333,0.5944458359160564,1.616762094192222
2,Tidal flat,4,Water,12070450.612274798,12.070450612274795,1.6856680201170926,4.584646730879311
2,Tidal flat,5,Built-up,933981.0586619268,0.9339810586619266,0.1304327446052826,0.3547484136957683
2,Tidal flat,6,Other,1211843.4407094752,1.2118434407094751,0.169236907470155,0.4602872127355626
3,Non-mangrove vegetation,1,Mangrove,62575329.86063195,62.57532986063195,8.738798225733053,23.76761155772413
3,Non-mangrove vegetation,2,Tidal flat,3357633.032873986,3.3576330328739856,0.4689016846685713,1.2753095805722396
3,Non-mangrove vegetation,3,Non-mangrove vegetation,102879562.559573,102.879562559573,14.36738313265217,0.0
3,Non-mangrove vegetation,4,Water,11067943.559952598,11.067943559952598,1.545665452497713,4.2038705007493045
3,Non-mangrove vegetation,5,Built-up,18282475.999388468,18.282475999388467,2.553192594929928,6.944123008774677
3,Non-mangrove vegetation,6,Other,3570209.772529824,3.570209772529824,0.4985885475180993,1.3560513263305158
4,Water,1,Mangrove,12545265.822439617,12.545265822439614,1.7519771282812966,4.764992939233803
4,Water,2,Tidal flat,13780135.294446286,13.780135294446286,1.9244296774730971,5.234025991085301
4,Water,3,Non-mangrove vegetation,9843634.120833635,9.843634120833636,1.3746876377878288,3.7388484027396927
4,Water,4,Water,88551304.41075957,88.55130441075957,12.3664067547798,0.0
4,Water,5,Built-up,3143406.6136775096,3.1434066136775094,0.438984440026812,1.193941246946126
4,Water,6,Other,1362396.9215398338,1.3623969215398335,0.1902620701674753,0.5174710367602834
5,Built-up,1,Mangrove,566268.168458012,0.5662681684580121,0.0790807379974074,0.2150822360088155
5,Built-up,2,Tidal flat,124003.66404380772,0.1240036640438077,0.0173174156931161,0.047099566638992
5,Built-up,3,Non-mangrove vegetation,3024985.656386519,3.024985656386519,0.4224466630183814,1.1489621262694192
5,Built-up,4,Water,350711.6751780331,0.3507116751780331,0.0489777452490557,0.1332087083353016
5,Built-up,5,Built-up,11513645.53227066,11.51364553227066,1.6079088256221303,0.0
5,Built-up,6,Other,744533.9729059183,0.7445339729059183,0.1039759946279013,0.2827918654039718
6,Other,1,Mangrove,851606.7260309528,0.8516067260309528,0.1189289671031143,0.3234606658778941
6,Other,2,Tidal flat,277027.1463938276,0.2770271463938276,0.0386875201581529,0.1052215564999464
6,Other,3,Non-mangrove vegetation,1436203.5979599631,1.4362035979599632,0.200569353475194,0.5455045831982687
6,Other,4,Water,443693.9525957078,0.4436939525957077,0.0619629482472966,0.1685256080837789
6,Other,5,Built-up,2430014.552210774,2.430014552210774,0.3393574896794088,0.9229778266482374
6,Other,6,Other,1479994.9337392328,1.4799949337392329,0.2066849208763196,0.0
