sha256	bytes	file
8ede6c654c2d71bfe4c0358a2ab5514d3d735c17b5fc838c398700cedc625f4a	633	.gitignore
50d55585e5164b7c574657be0dfe55d5e586571537e2e88e5312e54f215f2214	687	CITATION.cff
5a304e0d0466e25766e7ab2887ace7dd027cdd453a92fee4799b6008e2138749	5923	code/audit_result_tables.py
06795d37d55956dd33d2d636ede053007b4e0c1ccda0bb274d5d8b1e44cad451	3827	code/audit_sample_tables.py
368164eef59aebde59cc1d11a84197bc72eee2006638cbc448f35f19dec80162	12652	code/evaluate_temporal_uncertainty.py
8edf91ac7b20cf097872a270844267622b989a13c6d169af89877f7c1615aa05	2500	code/landcover_classifier/application.py
fb148ec428984898bb373b013048ad9a1c307a29fe053885cd65dbd9ddf4b1a2	5088	code/landcover_classifier/Classifier_model_card.txt
66e4cbfe0132a27195b3c324616d766923ad4813ac29dc8cdcf523825f7d51f0	1915	code/landcover_classifier/dataset.py
a26382b736b800edd15f745eecd596f87f4946d1ae64c7d28e9a5319e4fdad79	5621	code/landcover_classifier/inference_ensemble.py
35b16d80a3bfde173ca953d79df9dc67845bc9068a7c5d79487b9c8d96677e82	2599	code/landcover_classifier/model.py
be0666c1c614b134976b157361abe799b8973afa707a16287cadd92fd9ffab1a	1186	code/landcover_classifier/models/CHECKPOINTS.tsv
de99f600a196034684ff83bebc40f8731496b9bc0e911bc36ff7a6e7f6cddb06	1621	code/landcover_classifier/README.md
1340e67826ae3bd3c517aad7edb2940574aeb81197db98fdbd917c2bf626e1f7	5323	code/landcover_classifier/train_.py
8a5ef5766274c432aecc584468094c01e68d7c53285bec4945169adae2eaba5d	2245	code/landcover_classifier/train_ensemble.py
f5661f60eff0241a7c3e4b468cf8e0c1e0bfd2194fcdb1d73d7b54c6cee16972	18178	code/lossless_frame_codec.py
9fe5db73c431d61d4d2dd3fdff0e3d01885c13d7654ac4a0f8a8a71a0709daeb	2989	code/measure_checkpoint_resources.py
09099e6403cc8117638354cd9702c0b9b58f18129ccf7510e77469ffbdef1aee	3105	code/mehi_metric.py
109cdd56c0a8e00882927bd723fb7eddb054ccba53e1d465ae33d50d7c68b5dc	7666	code/rebuild_figures.py
1d4c25e474da48bca3db7a147ece0cdaef7a788ab20bbebd330e8fd53b9f2d04	22173	code/redraw_cee_r1_figures.py
0df6fdbfc0785e3ac8e0971a8de1e46b234157722cbc3b2b06900a046ba2a7ec	188	code/requirements.txt
3472491b2cdbcfef71b02d943263f3ae1f89fc3ef0ab5a4c00b49431f496eca6	5764	code/restore_route_table.py
fea2e97eb1ce8556cd1f0f018bcf1d11760e058a1929af315e7751265e44d1ee	6437	code/restore_tables.py
9d59720064578cc57f3092d1f550d65839e154caccb4fec187f0ce6a804c563f	1289	code/scenario/example_config.json
6d50662ee6bc145daa61209c3a91eb1acab22238ac7d20432582d9e2e58ea6f2	3608	code/scenario/prepare_ssp_cells.py
3b56e210dde17bbca302a1ca693ca9b14b8acde190e39948b703149be43adb79	1250	code/scenario/README.md
de580026b14a128c6ad7c92d57295b08d419da60cf4c2f8897e940546e4491eb	8390	code/scenario/run_scenario_projection.py
a4efabd331fc776a3215b7c20f0b0fe35a357f052f2f2fc2bd59f802a13a6a97	8602	code/scenario/scenario_core.py
b84e904be77f6442017c0e6a8cf076b218fabc0ca12f3cffa765c43a426f8709	954	code/scenario/summarize_fig6.py
62b89a4a35d0f329a00f95c686ba364fae0299e179bf585dbec059a9aff4c205	13296	code/sensitivity/recompute_sensitivity.py
c7084187a0e91fd889723f5d66a3e36350f663781991fe4a1b64cac57345b3ee	23672	code/spatial/build_mehi_arcpy.py
5940783b4f0677a2ffb87a93a9622d43b39a54d1f4532ac1da93704169848449	2916	code/summarize_joint_area_edge.py
7e821332dec61b594d19dde828452c4d9765f009bc13779a297cb1135fc6490c	3951	code/transition/route_analysis.py
b589c900ac7dbcf57e71ddc3a140afe31b4135ce8eec70ce432b8cd1a3167768	2830	code/verify_all_outputs.py
7fed39aef94d454b24e92e6d07c3f975ce8a7e26f1d39a6c471098cf0a20a795	2969	code/verify_current_validation.py
917de1110aa5511a0a511ed6e841ba76ea554dc86db5fd180d17b73a8b757935	2328	code/verify_metric_conventions.py
34b95ce5f940983750c80684960625641466552eca0ed8fa2bd555d396e90205	6677	code/verify_reported_results.py
5a4f299f603e485a5acce866a6ae6d06a83d6e448d38fbb77acb1f2766f9000a	2962	code/verify_revision_analysis.py
50371d92263648ddd7f4ef98d544ca4a480f27752638fcb925bff0552778efd2	7262	code/verify_route_statistics.py
7934f5ec7118d40ba663486fc48b7df7d77dbff48b8ac451f10e9c208dbab5f0	6195	data/dictionaries/DATA_DICTIONARY.md
888717ed70e307d4e76e1d453f08c0f5bf28c6cfaca0caaaec7d190900dd2201	1960	data/dictionaries/SENSITIVITY_TABLE_GUIDE.md
7bcb1481ee19c536055b7f3726d1508bc35a21d8c9dd0423ed71a605bc0f5c48	21489	data/figure_source/Fig2_annual_MEHI_histogram.csv
f5e6696a950da034851ed2111b48b4781d0d6f4452c9d2605fadf16845810095	380	data/figure_source/Fig2_annual_MEHI_minmax.csv
ac0d2a0712dfddace8853fd42a712a6b90543a556805e72a69fd1dae0a2babb2	1450	data/figure_source/Fig2_annual_MEHI_summary.csv
d6701ed0bc417d37814aacfa7dfd98282741f9783c60bf48d0067510ad73b0fd	2772	data/figure_source/Fig2_edge_state_composition.csv
9adf703314935c1b3a3b29883c1fcb812f76e83ae6a49eb9afc283d8c5db7fbd	4025	data/figure_source/Fig3_country_summary.csv
72f696809d10173c13a338037d5f88f7ea82e31ee43a5207007903c19d6b984a	7839	data/figure_source/Fig3_global_histogram.csv
0053f4bf7d191106f0d94881f897492d0be771d0a233f262e529ea4e25577cc5	492	data/figure_source/Fig3_global_summary.csv
9dbab1a0c2f27868fc74cb9212e4c173fd221c9b79f88cb5f40d5a43d50b292d	1555	data/figure_source/Fig4_area_pMEHI_pathways.csv
486460fd966bd0211ef02d082548d390c43dc6ee3f8c7e70644d86dcac945fc7	2205	data/figure_source/Fig4_country_component_heatmap.csv
3456d3080858dafdc8662394094084780d90dbb0c6677231684f38c6187f3f8a	781	data/figure_source/Fig4_global_component_contributions.csv
72fd4fc3730b6a65be062d74e3db0893fb9512f65507e98d664aad3a094b5ebc	801	data/figure_source/Fig4_pathway_counts.csv
1f247982f1b42fa412b39840c436733bfef0df352b37f308d8b5f5309cb26d4f	4851	data/figure_source/Fig5_country_association.csv
b282f87fddd6e1b9715bbfd52c80397f4523bcda3a993c478553fa650adb1b47	33333	data/figure_source/Fig5_country_route_shares.csv
1810682b3b456c78c8840973b5a74e0c52083de0f125e4c2396a2255e1e5764f	9440	data/figure_source/Fig5_endpoint_groups.csv
3a9225274d6569c5a2503f18a5ade18da425532bddbf3fb90ed20f40f35e0464	1550	data/figure_source/Fig5_global_route_shares.csv
bb5514bf53737246c1427b5a72cbfa1cfd2fb8057306a88b06b6183cdef88a56	8181	data/figure_source/Fig5_transition_matrix.csv
19a27acf3852ada90bba504559ec81e1f8ba059aca4bd5b67a1235561b221771	18311	data/figure_source/Fig6_conditional_allocation_bins_R1.csv
ce5cada3f525b6fa98d7bcaaa9100e74cebde950afabe6687e539016b3ba6471	7467	data/figure_source/Fig6_country_ranking_all19_SSP235_2100.csv
755b86a6acf4d725d4f84135fe71b01e3dec0b801f21028df62986288a24123a	3550	data/figure_source/Fig6_global_trajectory.csv
fc8e9c66dff7d3380a43f350a63a7326ff38c2ffedb78988d38fc55102fb3d97	356798	data/packed/0_new_model_parameters.pth.zst
05f98bac1907b2c446b8d0b4de3316a4b072270c83ec3fdc67e435883ad904d9	353414	data/packed/1_new_model_parameters.pth.zst
22553d1bcf04a806b98b87a52b36fcad0fe171424ee0bfc838b7f2f3e767c290	354175	data/packed/2_new_model_parameters.pth.zst
1031d3dd4bc7ea5642e6e9c2070bdab91b65918046be77701c95ca57a99f28ab	353951	data/packed/3_new_model_parameters.pth.zst
d1d18f1d2df63b8936956da326e5588d6f1ad1a90201358451b0a3ada630806f	353143	data/packed/4_new_model_parameters.pth.zst
94f9f9e565666f10c1615d0729f4edee1c627671fc29b9f367b40ea010e6fbff	360229	data/packed/5_model_parameters.pth.zst
f7f4cf8c6cc9a36681940162e13130f96d3537f9beb561069062b8daab3abe43	361880	data/packed/6_model_parameters.pth.zst
1a7b8db4180b8de4ad78e91fdf472209a5793a38040fbf9bcbc1891e2bde22b9	184059	data/packed/canonical_matched_support.ndcol.zst
efc1e8ee48f6dfd887f5c5e1df85433bca53fb4862b8cab8eb008998027537ec	13764688	data/packed/classification_sensitivity_inputs_150m.ndcol.zst
f6045acecb1b3fc415f67a8257b762146ccae81fa73feb7d29194e3d3723ddda	154300	data/packed/edge_grid_2000.ndcol.zst
9d22eed473ae8638db4405eef5c1e53f276054f2c878909fd5cfa7566d53fcbf	174735	data/packed/edge_grid_2010.ndcol.zst
eeae04a5c1949bb6e2e0c1af81aa32d6444d18b45b056f9492ed2f39e2512128	178736	data/packed/edge_grid_2020.ndcol.zst
f645b6944e365995a7f46d3f73e15a117e61303771618304f853acde854d3dcd	173794	data/packed/edge_grid_2023.ndcol.zst
9c8985171d7a79061e19f9095a456baa303a4bea623a40658e58153acf1cb6a7	1784941	data/packed/Fig2_edge_state_maps_2000_2023.ndcol.zst
30338312ea2285554bd3303a82b9a0cfc59c51c8fa8e14dc22efc085c6bb7fc8	724059	data/packed/Fig3_matched_neighbourhoods.ndcol.zst
922fd5bc77a7c634fe333e2f7ecfe28a073deb72885fb3e6c98e9c491c6245c3	14826	data/packed/Fig6_2023_external_area_weights.ndcol.zst
8957c9635782f0ef672d055e7e4efd5e6b865088fd1be3c2896cc5ace1fd3e8b	1799350	data/packed/Fig6_maps_SSP2_SSP5_2100.ndcol.zst
eee82275a3a7988072306a30d624f6937496f07b970fc93e428a825088b62664	415060	data/packed/ne_50m_land.geojson.zst
ae15bf81d9b27e5d84db7477a61133b1800dc771d854b7ecebfeda98305f806b	1578808	data/packed/route_relative_payload.ndcol.zst
efe759779b358756f3a55e9919c721ba3f6d6f08e199b2e50f2cc636958387f7	447317	data/packed/ssp_aligned_inputs.ndcol.zst
851addb5ae7fba989397617640af8f059a227ca8b3331eb987edbdbf55c577e7	575060	data/packed/training_samples.ndcol.zst
c0e1b7b149dab566b689ef71cfe255aae0598036412f42dae47211e25c8d2640	231	data/revision/baseline_annual_reproduction.csv
d6adf83bd3a4778f512e11f50bb9435584a2af47bf07e4f61b77f6c1494da7d7	291	data/revision/common_support_selection.json
b9055dd8a2b6f04c36e9bdbf5a7a5f4caf1ab8e718e02c0f9d949bc79bf15e0b	14868	data/revision/joint_area_edge_crosstab.csv
cdd4758c3a8cf56ea7c7c7f4f5a79ca0953d8ef84cfa679a3838a3d8f72e2caf	846	data/revision/joint_area_edge_record.json
a74f8c5d9030199e2245fe040f1008df021e8468f8acb7972b6300cde5c8cc42	2038	data/revision/joint_area_edge_summary.csv
422b15edabf7a3c686daecb2306f39cc3d7972d49f2dc2803dbceba4eaa68501	5499	data/revision/R2_2_annual_error_sensitivity.csv
7cda211f6032ded511425f9754bf7b88e21146b39d83e7d16f96d23d3c874ef5	5221	data/revision/R2_2_country_error_sensitivity.csv
da3b4331a98fa32cca63cae4f8235545b247837efb5a49d0761216d15d2387d6	526	data/revision/R2_2_country_pathway_sensitivity.csv
4a0912c04f386746a52ab2434f6e559b7584c725ff46fffc8b5af31540719027	1331	data/revision/R2_2_endpoint_error_sensitivity.csv
699833b8dc49416d6656c4b811b277e02f82122fc2d1887553a48675c4a6d785	25775	data/revision/R2_2_error_transition_matrices.csv
78c2f54e920ab443beb5184afaf6a3b97be40cf950f93642b6c8953e17ef32bc	915	data/revision/R2_2_fixed_support_comparison.csv
24e190e607dc113f12591f4c3b4eee73291260059c4534271ffce58f7cd48ff3	5482	data/revision/R2_2_hard_class_margin_bounds.csv
9965e3f92fbb76ea4572ac24d0fece1c0248405ea5443ab27aa623ddfe223140	431	data/revision/R2_2_margin_tipping_point.json
e38f25c5909c76f2d494c335de8836f0587cbbb4d3463d242665ee02a1a70756	864	data/revision/R2_2_temporal_changes.csv
a15304ad66bceeef63fae8fd93614e08af51a2beef03833a73386309382844e0	400	data/revision/R2_7_component_dependence.csv
7c772b4ae7871c56ffeae8369bd4b3c2aac999e2fc2423c6a8e70f18df3c358e	288	data/revision/revision_runtime_versions.json
d328dce468a8ea75b70ba2ee7c7931577ec12e4462e8356bae3bede5e501de43	1241	data/scenario/dictionaries/exp2_gao_scenario_year_lookup_dictionary.csv
8f2c498f18a2e4b0f43080978b4979c60318e40c5dbb567380e07c2cd6360628	1197	data/scenario/dictionaries/exp2_gao_variable_catalog_dictionary.csv
64a0aeaa8551e1384f811d49b97bc45de82175d487cd66fb3204dbe5d1ab0c52	5580	data/scenario/exp2_gao_scenario_year_lookup.csv
290e7f8430842a1fdaa964f1d46494b1ea43a746daff731b9028703203d79910	1080	data/supporting/backtest_direction_counts.csv
82a7605b22c638dbdc959de4fca8503cb5c0885f3d3acffdad04f3ace747db93	2147	data/supporting/dataset_sensitivity_summary.csv
edbb1a41c17b808438ae167d954750c12fd89775bf4f6250a1698a2405bb7091	521	data/supporting/Fig6_backtest_metrics.csv
78d7e60608c576c26f7d20a4364270790a428d2625179bc2c573c0b25d054bb6	380	data/supporting/Fig6_calibrated_allocation_parameters.csv
2d27bda6436669420b40b047add9a460e070a7559695916c8d94001e7522a15d	3157	data/supporting/Fig6_uncertainty_summary.csv
57ff5366930eb45262bb32e5797190011db1630df85ee528afd7fe4da57ace36	635	data/supporting/MEHI_component_weight_sensitivity.csv
9d91984a53444c7bc7b86cbabbb23c7124c06a628a66cfd42a0ca86832eda3b5	272	data/supporting/MEHI_cutpoint_sensitivity.csv
c5211beadb6afc0b2bc8800569a025e3257271e98cccc34a97ecca4ed15e1326	1993	data/supporting/MEHI_scale_agreement_summary.csv
e517fa4269eba77c31ec97e837bb8899959946d2eb89edb0712eba7bbe9452f8	14186	data/supporting/MEHI_scale_sensitivity.csv
e50b75defbd86c9af3fd09947088e8177b130d4f129fd7d3e17fc45fb0a516f2	196	data/supporting/pMEHI_pathway_threshold_sensitivity.csv
8ddaf63c79d2be01d15a2afd3d81a63c308508c93591e0c728d58095f227b00a	316	data/supporting/pMEHI_threshold_sensitivity.csv
162f3bf764d709321be326b5a02ebab60e7b5c345cb84d591bc0a4ed746a0746	3569	data/supporting/route_analysis_summary.csv
b63e537f2b005acfddc705f8c2e07b3c373a136586549af7234fbc7638e02a5e	568	data/supporting/route_area_closure_exclusion_association.csv
15773b51323c9b19804d0f758c558dc4a217d5df60ea29a68c4cdd689cf1b2f9	3406	data/supporting/route_area_closure_exclusion_group_summaries.csv
70c2c7079871969c79b6fad8f1a02c1ee36bef2815a64cf27308c45fdf54a85b	1193	data/supporting/route_area_closure_exclusion_shares.csv
356b32696d77b6e930aae2c6e59fdbe5bd69d0effd66429060749f61954ee1a2	723222	data/supporting/route_classification_flow_inputs.csv.gz
4a304c17022f5a0358604aeeb594c1f5c8b2f80e1582cec864f4ce44adfe20c7	451	data/supporting/route_country_fixed_effect_association.csv
e8a40232e5ea3f760cef814bbb6ea9bfbd183fc96c95301c86eecd0b6860e080	258	data/supporting/route_threshold_country_stability.csv
0e9f5d898d08954bd416561b6c31846416d2059e6f7839af1da9e8901c3e6805	1342	data/supporting/route_threshold_global_shares.csv
ca4671c712b38272ee35d25588355b1f79b00c6cca177c00b6d0a05563545de6	1516	data/supporting/route_threshold_grid_reclassification.csv
3730f3de49e5bd3a6767b2057d785d64490df6fc30b050007af4ce38f8623130	3683	data/supporting/route_transition_matrix_positive_shifts.csv
12fb1d55fabef6376a421032ce798ed8cd00722e6cda976a6ec1ba7d34722a05	2391	data/validation_current/landcover_accuracy_by_year.csv
193ed9054a1f92f8b8ee32d8742efd14cf4572e489067d276074f3931336dbf2	739	data/validation_current/landcover_class_accuracy.csv
384171da1b8c1658e103cd1e2bf15ba57d485c8401320f3941a6eb9f83e84a28	261	data/validation_current/landcover_confusion_matrix.csv
38986e8b8fff741d00c395a69dcdad57925a7f9678ade369f2bdaf15034d6b21	4394	data/validation_current/landcover_confusion_matrix_by_year.csv
8d982160f028128533a40d6b5d46412f37acf0758b693400cd84cbbdaa2a53fd	1517	data/validation_current/landcover_sample_counts_by_year_class.csv
434b65d021f53c61c9e2f0f8e5a5be6a91c9c7e5ae1588712596b716debf5146	208	data/validation_current/landcover_sample_design.csv
118c1ab6170a99357291ff7a4eb96dd87e27dbdfef28cf9669a4197a6de770be	422	data/validation_current/landcover_validation_coverage.csv
27045ca0c4fca88e0d6a535e8a28616f4acc9e7a335e8ac4231c3479a649f14f	231688	data/validation_current/map_validation_predictions.csv.gz
a996b850d033d9d36bb5a95bef278e628b62f48cb54b1816e6f25b20055057c3	1359	data/validation_current/README.txt
493da681525e79440e8d6ffa08ad746b736c74c4c390bfbca39ede71b5484c40	7001	data/validation_current/validation_record.json
07276973c41ef9922875bc80a86145f6998dbd388d900e3deca60b88ff2b7b91	1232	metadata/checkpoint_resource_measurement.json
b41586fbe8147fabd8bcdc13b54b5a4ec639c2cfe44e2b2c30c625397ba30d93	5843	metadata/GENERATED_SPATIAL_DATA_MANIFEST.json
ae2d62881dd786dcc81dc248e7d8011f24d00f1d362ee18cd4a5cf9caad3709e	7312	metadata/route_relative_recipe.json
4a238e90f1df6e86781a413f917b3b7f46ed621217ba46b76dc42e4675007c1d	33543	metadata/storage_manifest.json
a833748fa847bca02a3baa5eebfebc9ddb0a13846aa3842093b3014b0fa8e8eb	13866	metadata/verification.json
516f99c0e041e2314037782d048e71e00b35b29ba33593b377bed79cf1e06ba4	6298	README.md
0ac3e23bb73e289dc5246480d47569522044a4dcfdd06010205c565dfe47f296	1059	workflow/BACKTEST_DIRECTION.txt
39c21db06ba7f783c5cf46d263612977dcf1054d50b7059b7bc5386941600ec8	2243	workflow/EXTERNAL_DATA.md
b36758437a16ef649db16c6996e73aa69f0bb2582b3c27dd1522cc341b22a518	1056	workflow/FIGURE_NUMBERING.txt
f9540b98da7b6426b7d2f21ff5d3c3785a46189f7a7fa254b282fe396ba30683	7002	workflow/INPUT_SCHEMAS.md
2d9fd36000db6240d29c963c62d485e1ee5641503e6873d2ca165ed8ecfafe8f	4400	workflow/REVISION_DATA_GUIDE.txt
8d1135d5e1a75630dd27c5e525fffab1a7965e24d4f34cc874729b88c23a2a34	7275	workflow/STORAGE_FORMAT.md
