scenario,year,file_path,variable_name,dims,shape,conversion
SSP1,2010,source_alias://GAO_PESARESI_SEDAC_EXTERNAL,ssp1_2010,"('lat', 'lon')","(17160, 43200)",as_fraction_or_percent_checked_on_sample
SSP1,2020,source_alias://GAO_PESARESI_SEDAC_EXTERNAL,ssp1_2020,"('lat', 'lon')","(17160, 43200)",as_fraction_or_percent_checked_on_sample
SSP1,2030,source_alias://GAO_PESARESI_SEDAC_EXTERNAL,ssp1_2030,"('lat', 'lon')","(17160, 43200)",as_fraction_or_percent_checked_on_sample
SSP1,2040,source_alias://GAO_PESARESI_SEDAC_EXTERNAL,ssp1_2040,"('lat', 'lon')","(17160, 43200)",as_fraction_or_percent_checked_on_sample
SSP1,2050,source_alias://GAO_PESARESI_SEDAC_EXTERNAL,ssp1_2050,"('lat', 'lon')","(17160, 43200)",as_fraction_or_percent_checked_on_sample
SSP1,2060,source_alias://GAO_PESARESI_SEDAC_EXTERNAL,ssp1_2060,"('lat', 'lon')","(17160, 43200)",as_fraction_or_percent_checked_on_sample
SSP1,2070,source_alias://GAO_PESARESI_SEDAC_EXTERNAL,ssp1_2070,"('lat', 'lon')","(17160, 43200)",as_fraction_or_percent_checked_on_sample
SSP1,2080,source_alias://GAO_PESARESI_SEDAC_EXTERNAL,ssp1_2080,"('lat', 'lon')","(17160, 43200)",as_fraction_or_percent_checked_on_sample
SSP1,2090,source_alias://GAO_PESARESI_SEDAC_EXTERNAL,ssp1_2090,"('lat', 'lon')","(17160, 43200)",as_fraction_or_percent_checked_on_sample
SSP1,2100,source_alias://GAO_PESARESI_SEDAC_EXTERNAL,ssp1_2100,"('lat', 'lon')","(17160, 43200)",as_fraction_or_percent_checked_on_sample
SSP2,2010,source_alias://GAO_PESARESI_SEDAC_EXTERNAL,ssp2_2010,"('lat', 'lon')","(17160, 43200)",as_fraction_or_percent_checked_on_sample
SSP2,2020,source_alias://GAO_PESARESI_SEDAC_EXTERNAL,ssp2_2020,"('lat', 'lon')","(17160, 43200)",as_fraction_or_percent_checked_on_sample
SSP2,2030,source_alias://GAO_PESARESI_SEDAC_EXTERNAL,ssp2_2030,"('lat', 'lon')","(17160, 43200)",as_fraction_or_percent_checked_on_sample
SSP2,2040,source_alias://GAO_PESARESI_SEDAC_EXTERNAL,ssp2_2040,"('lat', 'lon')","(17160, 43200)",as_fraction_or_percent_checked_on_sample
SSP2,2050,source_alias://GAO_PESARESI_SEDAC_EXTERNAL,ssp2_2050,"('lat', 'lon')","(17160, 43200)",as_fraction_or_percent_checked_on_sample
SSP2,2060,source_alias://GAO_PESARESI_SEDAC_EXTERNAL,ssp2_2060,"('lat', 'lon')","(17160, 43200)",as_fraction_or_percent_checked_on_sample
SSP2,2070,source_alias://GAO_PESARESI_SEDAC_EXTERNAL,ssp2_2070,"('lat', 'lon')","(17160, 43200)",as_fraction_or_percent_checked_on_sample
SSP2,2080,source_alias://GAO_PESARESI_SEDAC_EXTERNAL,ssp2_2080,"('lat', 'lon')","(17160, 43200)",as_fraction_or_percent_checked_on_sample
SSP2,2090,source_alias://GAO_PESARESI_SEDAC_EXTERNAL,ssp2_2090,"('lat', 'lon')","(17160, 43200)",as_fraction_or_percent_checked_on_sample
SSP2,2100,source_alias://GAO_PESARESI_SEDAC_EXTERNAL,ssp2_2100,"('lat', 'lon')","(17160, 43200)",as_fraction_or_percent_checked_on_sample
SSP3,2010,source_alias://GAO_PESARESI_SEDAC_EXTERNAL,ssp3_2010,"('lat', 'lon')","(17160, 43200)",as_fraction_or_percent_checked_on_sample
SSP3,2020,source_alias://GAO_PESARESI_SEDAC_EXTERNAL,ssp3_2020,"('lat', 'lon')","(17160, 43200)",as_fraction_or_percent_checked_on_sample
SSP3,2030,source_alias://GAO_PESARESI_SEDAC_EXTERNAL,ssp3_2030,"('lat', 'lon')","(17160, 43200)",as_fraction_or_percent_checked_on_sample
SSP3,2040,source_alias://GAO_PESARESI_SEDAC_EXTERNAL,ssp3_2040,"('lat', 'lon')","(17160, 43200)",as_fraction_or_percent_checked_on_sample
SSP3,2050,source_alias://GAO_PESARESI_SEDAC_EXTERNAL,ssp3_2050,"('lat', 'lon')","(17160, 43200)",as_fraction_or_percent_checked_on_sample
SSP3,2060,source_alias://GAO_PESARESI_SEDAC_EXTERNAL,ssp3_2060,"('lat', 'lon')","(17160, 43200)",as_fraction_or_percent_checked_on_sample
SSP3,2070,source_alias://GAO_PESARESI_SEDAC_EXTERNAL,ssp3_2070,"('lat', 'lon')","(17160, 43200)",as_fraction_or_percent_checked_on_sample
SSP3,2080,source_alias://GAO_PESARESI_SEDAC_EXTERNAL,ssp3_2080,"('lat', 'lon')","(17160, 43200)",as_fraction_or_percent_checked_on_sample
SSP3,2090,source_alias://GAO_PESARESI_SEDAC_EXTERNAL,ssp3_2090,"('lat', 'lon')","(17160, 43200)",as_fraction_or_percent_checked_on_sample
SSP3,2100,source_alias://GAO_PESARESI_SEDAC_EXTERNAL,ssp3_2100,"('lat', 'lon')","(17160, 43200)",as_fraction_or_percent_checked_on_sample
SSP5,2010,source_alias://GAO_PESARESI_SEDAC_EXTERNAL,ssp5_2010,"('lat', 'lon')","(17160, 43200)",as_fraction_or_percent_checked_on_sample
SSP5,2020,source_alias://GAO_PESARESI_SEDAC_EXTERNAL,ssp5_2020,"('lat', 'lon')","(17160, 43200)",as_fraction_or_percent_checked_on_sample
SSP5,2030,source_alias://GAO_PESARESI_SEDAC_EXTERNAL,ssp5_2030,"('lat', 'lon')","(17160, 43200)",as_fraction_or_percent_checked_on_sample
SSP5,2040,source_alias://GAO_PESARESI_SEDAC_EXTERNAL,ssp5_2040,"('lat', 'lon')","(17160, 43200)",as_fraction_or_percent_checked_on_sample
SSP5,2050,source_alias://GAO_PESARESI_SEDAC_EXTERNAL,ssp5_2050,"('lat', 'lon')","(17160, 43200)",as_fraction_or_percent_checked_on_sample
SSP5,2060,source_alias://GAO_PESARESI_SEDAC_EXTERNAL,ssp5_2060,"('lat', 'lon')","(17160, 43200)",as_fraction_or_percent_checked_on_sample
SSP5,2070,source_alias://GAO_PESARESI_SEDAC_EXTERNAL,ssp5_2070,"('lat', 'lon')","(17160, 43200)",as_fraction_or_percent_checked_on_sample
SSP5,2080,source_alias://GAO_PESARESI_SEDAC_EXTERNAL,ssp5_2080,"('lat', 'lon')","(17160, 43200)",as_fraction_or_percent_checked_on_sample
SSP5,2090,source_alias://GAO_PESARESI_SEDAC_EXTERNAL,ssp5_2090,"('lat', 'lon')","(17160, 43200)",as_fraction_or_percent_checked_on_sample
SSP5,2100,source_alias://GAO_PESARESI_SEDAC_EXTERNAL,ssp5_2100,"('lat', 'lon')","(17160, 43200)",as_fraction_or_percent_checked_on_sample
