year,MEHI_bin_left,MEHI_bin_right,MEHI_bin_mid,grid_count,area_weight_sum
2000,-1.0,-0.975,-0.9875,12606,147780298.92921197
2000,-0.975,-0.95,-0.9625,1210,14292393.206807166
2000,-0.95,-0.925,-0.9375,1411,16545030.701402811
2000,-0.925,-0.9,-0.9125,1503,17606130.23173353
2000,-0.9,-0.875,-0.8875,1582,18327328.269513577
2000,-0.875,-0.85,-0.8625,1815,20650703.79202324
2000,-0.85,-0.825,-0.8374999999999999,2082,23617308.765077293
2000,-0.825,-0.8,-0.8125,2272,25109166.10012108
2000,-0.8,-0.775,-0.7875000000000001,2617,30590247.624084294
2000,-0.775,-0.75,-0.7625,2906,32251108.858511925
2000,-0.75,-0.725,-0.7375,3356,37136589.05325639
2000,-0.725,-0.7,-0.7124999999999999,3727,40600291.940985024
2000,-0.7,-0.675,-0.6875,4266,45052860.8850863
2000,-0.675,-0.6499999999999999,-0.6625,4909,52858709.89451069
2000,-0.6499999999999999,-0.625,-0.6375,5824,60338817.99661279
2000,-0.625,-0.6,-0.6125,6531,65600784.32243931
2000,-0.6,-0.575,-0.5874999999999999,7714,73180147.44996798
2000,-0.575,-0.55,-0.5625,8164,76268123.8308891
2000,-0.55,-0.5249999999999999,-0.5375,8680,80101253.67024195
2000,-0.5249999999999999,-0.5,-0.5125,5643,55490389.91540527
2000,-0.5,-0.475,-0.4875,3116,27419681.63382721
2000,-0.475,-0.4499999999999999,-0.4624999999999999,1951,14821412.481724262
2000,-0.4499999999999999,-0.4249999999999999,-0.4374999999999999,1544,11172213.013405204
2000,-0.4249999999999999,-0.3999999999999999,-0.4124999999999999,1372,9645039.703225257
2000,-0.3999999999999999,-0.375,-0.3874999999999999,1293,9286969.7904222
2000,-0.375,-0.35,-0.3625,1132,8572261.09875679
2000,-0.35,-0.3249999999999999,-0.3374999999999999,1077,7929634.028170824
2000,-0.3249999999999999,-0.2999999999999999,-0.3124999999999999,1016,7720120.949704528
2000,-0.2999999999999999,-0.2749999999999999,-0.2874999999999999,938,6624934.394484162
2000,-0.2749999999999999,-0.25,-0.2624999999999999,847,6164424.970632076
2000,-0.25,-0.2249999999999999,-0.2375,791,5544615.745762348
2000,-0.2249999999999999,-0.1999999999999999,-0.2124999999999999,698,4905234.2498368025
2000,-0.1999999999999999,-0.1749999999999999,-0.1874999999999999,694,4679126.664849281
2000,-0.1749999999999999,-0.1499999999999999,-0.1624999999999999,662,4659873.608886004
2000,-0.1499999999999999,-0.125,-0.1374999999999999,548,3589000.638267398
2000,-0.125,-0.0999999999999999,-0.1124999999999999,597,3843012.1517944336
2000,-0.0999999999999999,-0.0749999999999999,-0.0874999999999999,561,3642370.442795515
2000,-0.0749999999999999,-0.0499999999999999,-0.0624999999999999,491,2947617.813802719
2000,-0.0499999999999999,-0.0249999999999999,-0.0374999999999999,445,2973421.9399983883
2000,-0.0249999999999999,0.0,-0.0124999999999999,469,2954238.9830162525
2000,0.0,0.0250000000000001,0.0125,391,1952179.862377644
2000,0.0250000000000001,0.05,0.0375,416,2096633.25876236
2000,0.05,0.0749999999999999,0.0625,382,1960443.9222414491
2000,0.0749999999999999,0.1,0.0875,400,1991009.8863925932
2000,0.1,0.125,0.1125,333,1621513.0780684948
2000,0.125,0.1500000000000001,0.1375,303,1491966.043894291
2000,0.1500000000000001,0.175,0.1625000000000001,288,1337363.475301981
2000,0.175,0.2000000000000001,0.1875000000000001,273,1413509.4852650166
2000,0.2000000000000001,0.2250000000000001,0.2125000000000001,270,1390264.686986208
2000,0.2250000000000001,0.25,0.2375,266,1294617.3458046913
2000,0.25,0.2750000000000001,0.2625,244,1041013.1603689194
2000,0.2750000000000001,0.3,0.2875000000000001,248,1137187.6498172283
2000,0.3,0.3250000000000002,0.3125000000000001,222,891885.4259400368
2000,0.3250000000000002,0.3500000000000001,0.3375000000000001,200,736217.4653754234
2000,0.3500000000000001,0.375,0.3625,167,703484.7456560135
2000,0.375,0.4000000000000001,0.3875,159,497786.849383831
2000,0.4000000000000001,0.425,0.4125000000000001,154,577321.6176288128
2000,0.425,0.4500000000000002,0.4375000000000001,153,649682.381541729
2000,0.4500000000000002,0.4750000000000001,0.4625000000000001,120,475029.1008551121
2000,0.4750000000000001,0.5,0.4875,156,591338.5279095173
2000,0.5,0.5250000000000001,0.5125000000000001,111,376882.4088504314
2000,0.5250000000000001,0.55,0.5375000000000001,146,534659.9770054817
2000,0.55,0.5750000000000002,0.5625000000000001,125,483401.93119335175
2000,0.5750000000000002,0.6000000000000001,0.5875000000000001,89,334403.331400156
2000,0.6000000000000001,0.625,0.6125,91,285092.4308521748
2000,0.625,0.6500000000000001,0.6375000000000001,86,242182.7944149971
2000,0.6500000000000001,0.675,0.6625000000000001,80,164132.56530594826
2000,0.675,0.7000000000000002,0.6875000000000001,67,170568.15392422676
2000,0.7000000000000002,0.7250000000000001,0.7125000000000001,56,130517.23573994637
2000,0.7250000000000001,0.75,0.7375,58,147739.02471351624
2000,0.75,0.7750000000000001,0.7625000000000001,55,84518.10378217697
2000,0.7750000000000001,0.8,0.7875000000000001,49,82247.61514663696
2000,0.8,0.8250000000000002,0.8125000000000001,40,75487.96779108047
2000,0.8250000000000002,0.8500000000000001,0.8375000000000001,55,89033.71752595901
2000,0.8500000000000001,0.875,0.8625,37,93258.34781956673
2000,0.875,0.9000000000000001,0.8875000000000001,32,37555.590187072754
2000,0.9000000000000001,0.925,0.9125,24,54506.75446105003
2000,0.925,0.9500000000000002,0.9375,19,24899.126878738403
2000,0.9500000000000002,0.975,0.9625,19,25234.354707717896
2000,0.975,1.0,0.9875,18,19717.6378326416
2010,-1.0,-0.975,-0.9875,12374,149557045.18536133
2010,-0.975,-0.95,-0.9625,1194,14145687.444007844
2010,-0.95,-0.925,-0.9375,1269,15320615.55776897
2010,-0.925,-0.9,-0.9125,1482,17302501.534100473
2010,-0.9,-0.875,-0.8875,1645,19506483.788187623
2010,-0.875,-0.85,-0.8625,1848,22488658.7668463
2010,-0.85,-0.825,-0.8374999999999999,2045,23598781.58612788
2010,-0.825,-0.8,-0.8125,2381,27808172.51519352
2010,-0.8,-0.775,-0.7875000000000001,2717,31368711.616701603
2010,-0.775,-0.75,-0.7625,3126,36416813.9108122
2010,-0.75,-0.725,-0.7375,3570,40710664.122285366
2010,-0.725,-0.7,-0.7124999999999999,4031,45406697.95353836
2010,-0.7,-0.675,-0.6875,4674,52197116.41833383
2010,-0.675,-0.6499999999999999,-0.6625,5417,59202305.50772905
2010,-0.6499999999999999,-0.625,-0.6375,6232,66403139.80080438
2010,-0.625,-0.6,-0.6125,6796,69619100.57746577
2010,-0.6,-0.575,-0.5874999999999999,7871,76201517.37243652
2010,-0.575,-0.55,-0.5625,8602,80786312.56911182
2010,-0.55,-0.5249999999999999,-0.5375,9002,81307155.59736633
2010,-0.5249999999999999,-0.5,-0.5125,5762,55206114.73051727
2010,-0.5,-0.475,-0.4875,3124,27164723.967433453
2010,-0.475,-0.4499999999999999,-0.4624999999999999,1914,14547823.98682034
2010,-0.4499999999999999,-0.4249999999999999,-0.4374999999999999,1694,12485168.25587964
2010,-0.4249999999999999,-0.3999999999999999,-0.4124999999999999,1391,9789672.53641212
2010,-0.3999999999999999,-0.375,-0.3874999999999999,1334,9862338.178892732
2010,-0.375,-0.35,-0.3625,1138,8488749.233989716
2010,-0.35,-0.3249999999999999,-0.3374999999999999,1107,7971129.329967022
2010,-0.3249999999999999,-0.2999999999999999,-0.3124999999999999,1028,7691761.71436286
2010,-0.2999999999999999,-0.2749999999999999,-0.2874999999999999,987,7293067.784003019
2010,-0.2749999999999999,-0.25,-0.2624999999999999,879,6433693.962393761
2010,-0.25,-0.2249999999999999,-0.2375,822,6227339.544620514
2010,-0.2249999999999999,-0.1999999999999999,-0.2124999999999999,826,5671170.606031179
2010,-0.1999999999999999,-0.1749999999999999,-0.1874999999999999,786,5321338.073460817
2010,-0.1749999999999999,-0.1499999999999999,-0.1624999999999999,709,4889344.719981909
2010,-0.1499999999999999,-0.125,-0.1374999999999999,688,5107625.91502738
2010,-0.125,-0.0999999999999999,-0.1124999999999999,643,4780727.774787664
2010,-0.0999999999999999,-0.0749999999999999,-0.0874999999999999,647,4780524.883677244
2010,-0.0749999999999999,-0.0499999999999999,-0.0624999999999999,591,4344112.464630604
2010,-0.0499999999999999,-0.0249999999999999,-0.0374999999999999,606,4020418.273979664
2010,-0.0249999999999999,0.0,-0.0124999999999999,523,3350990.8417503834
2010,0.0,0.0250000000000001,0.0125,518,3235891.3373770714
2010,0.0250000000000001,0.05,0.0375,509,2645740.1416244507
2010,0.05,0.0749999999999999,0.0625,413,2245427.950751781
2010,0.0749999999999999,0.1,0.0875,447,2591217.3800115585
2010,0.1,0.125,0.1125,408,2165529.899294853
2010,0.125,0.1500000000000001,0.1375,366,1889088.857123852
2010,0.1500000000000001,0.175,0.1625000000000001,401,1971372.8392148016
2010,0.175,0.2000000000000001,0.1875000000000001,358,1894414.5494151115
2010,0.2000000000000001,0.2250000000000001,0.2125000000000001,271,1360863.654159546
2010,0.2250000000000001,0.25,0.2375,309,1478779.490573883
2010,0.25,0.2750000000000001,0.2625,273,1322970.3014831543
2010,0.2750000000000001,0.3,0.2875000000000001,293,1367383.8341879845
2010,0.3,0.3250000000000002,0.3125000000000001,265,1389109.235312462
2010,0.3250000000000002,0.3500000000000001,0.3375000000000001,269,1347872.569726944
2010,0.3500000000000001,0.375,0.3625,226,1121797.1064209938
2010,0.375,0.4000000000000001,0.3875,191,996904.6279644966
2010,0.4000000000000001,0.425,0.4125000000000001,209,1043479.2507185936
2010,0.425,0.4500000000000002,0.4375000000000001,187,866343.6381292343
2010,0.4500000000000002,0.4750000000000001,0.4625000000000001,197,928380.578804493
2010,0.4750000000000001,0.5,0.4875,175,793881.3858394623
2010,0.5,0.5250000000000001,0.5125000000000001,149,637628.7623953819
2010,0.5250000000000001,0.55,0.5375000000000001,218,1558868.5438389778
2010,0.55,0.5750000000000002,0.5625000000000001,224,2185160.3361706734
2010,0.5750000000000002,0.6000000000000001,0.5875000000000001,203,1693599.927848816
2010,0.6000000000000001,0.625,0.6125,190,1515480.639420509
2010,0.625,0.6500000000000001,0.6375000000000001,177,1382258.7573070526
2010,0.6500000000000001,0.675,0.6625000000000001,187,1242238.4393615725
2010,0.675,0.7000000000000002,0.6875000000000001,128,978647.5469591618
2010,0.7000000000000002,0.7250000000000001,0.7125000000000001,142,808712.7812299728
2010,0.7250000000000001,0.75,0.7375,115,555065.8131039143
2010,0.75,0.7750000000000001,0.7625000000000001,111,641539.3066716194
2010,0.7750000000000001,0.8,0.7875000000000001,102,595363.9886946678
2010,0.8,0.8250000000000002,0.8125000000000001,101,445816.3196344376
2010,0.8250000000000002,0.8500000000000001,0.8375000000000001,84,482161.9157547951
2010,0.8500000000000001,0.875,0.8625,76,367594.18777894974
2010,0.875,0.9000000000000001,0.8875000000000001,81,355889.9915275574
2010,0.9000000000000001,0.925,0.9125,69,244217.792293787
2010,0.925,0.9500000000000002,0.9375,65,265121.1387748718
2010,0.9500000000000002,0.975,0.9625,57,194669.33692717552
2010,0.975,1.0,0.9875,95,277760.2135205269
2020,-1.0,-0.975,-0.9875,12195,143157407.9895521
2020,-0.975,-0.95,-0.9625,1294,15702307.873567311
2020,-0.95,-0.925,-0.9375,1370,15664615.268915445
2020,-0.925,-0.9,-0.9125,1516,17401555.311282545
2020,-0.9,-0.875,-0.8875,1652,19615480.595716894
2020,-0.875,-0.85,-0.8625,1836,21358296.901975125
2020,-0.85,-0.825,-0.8374999999999999,2138,24874159.86899486
2020,-0.825,-0.8,-0.8125,2343,27328737.379311085
2020,-0.8,-0.775,-0.7875000000000001,2711,30967201.71798104
2020,-0.775,-0.75,-0.7625,2929,33091613.365241826
2020,-0.75,-0.725,-0.7375,3286,37302478.45189971
2020,-0.725,-0.7,-0.7124999999999999,3910,43417182.55500913
2020,-0.7,-0.675,-0.6875,4399,48988456.95942968
2020,-0.675,-0.6499999999999999,-0.6625,5109,56557192.3836146
2020,-0.6499999999999999,-0.625,-0.6375,5739,61778447.71223676
2020,-0.625,-0.6,-0.6125,6615,68660051.30905735
2020,-0.6,-0.575,-0.5874999999999999,7550,75471378.51399541
2020,-0.575,-0.55,-0.5625,8100,77726366.74962473
2020,-0.55,-0.5249999999999999,-0.5375,8396,79218993.15738249
2020,-0.5249999999999999,-0.5,-0.5125,5656,57468432.53500366
2020,-0.5,-0.475,-0.4875,3013,27373589.48361945
2020,-0.475,-0.4499999999999999,-0.4624999999999999,1950,15321350.190624475
2020,-0.4499999999999999,-0.4249999999999999,-0.4374999999999999,1634,12262643.742553473
2020,-0.4249999999999999,-0.3999999999999999,-0.4124999999999999,1379,10473699.08342135
2020,-0.3999999999999999,-0.375,-0.3874999999999999,1232,9789841.059138894
2020,-0.375,-0.35,-0.3625,1174,8921004.22627306
2020,-0.35,-0.3249999999999999,-0.3374999999999999,1064,8259209.69538331
2020,-0.3249999999999999,-0.2999999999999999,-0.3124999999999999,991,7377692.617970228
2020,-0.2999999999999999,-0.2749999999999999,-0.2874999999999999,942,7572651.657418609
2020,-0.2749999999999999,-0.25,-0.2624999999999999,889,7146699.551688552
2020,-0.25,-0.2249999999999999,-0.2375,847,6180350.071036339
2020,-0.2249999999999999,-0.1999999999999999,-0.2124999999999999,829,6367608.065515757
2020,-0.1999999999999999,-0.1749999999999999,-0.1874999999999999,764,5588601.99927783
2020,-0.1749999999999999,-0.1499999999999999,-0.1624999999999999,716,5210035.787003517
2020,-0.1499999999999999,-0.125,-0.1374999999999999,700,4979256.38119626
2020,-0.125,-0.0999999999999999,-0.1124999999999999,686,4926647.223916054
2020,-0.0999999999999999,-0.0749999999999999,-0.0874999999999999,663,5055687.871787548
2020,-0.0749999999999999,-0.0499999999999999,-0.0624999999999999,606,4327704.546840906
2020,-0.0499999999999999,-0.0249999999999999,-0.0374999999999999,566,3846643.8577952394
2020,-0.0249999999999999,0.0,-0.0124999999999999,546,3465623.972170592
2020,0.0,0.0250000000000001,0.0125,507,3128284.0163621902
2020,0.0250000000000001,0.05,0.0375,494,2858210.0296695232
2020,0.05,0.0749999999999999,0.0625,459,2538082.2824468613
2020,0.0749999999999999,0.1,0.0875,434,2261461.511036873
2020,0.1,0.125,0.1125,410,2211932.46914506
2020,0.125,0.1500000000000001,0.1375,396,2157295.260062456
2020,0.1500000000000001,0.175,0.1625000000000001,390,1954181.2274184227
2020,0.175,0.2000000000000001,0.1875000000000001,341,1714416.5360245705
2020,0.2000000000000001,0.2250000000000001,0.2125000000000001,315,1610948.20780015
2020,0.2250000000000001,0.25,0.2375,341,1869752.632724285
2020,0.25,0.2750000000000001,0.2625,312,1665727.5849883556
2020,0.2750000000000001,0.3,0.2875000000000001,299,1313192.538463831
2020,0.3,0.3250000000000002,0.3125000000000001,305,1490252.7208743095
2020,0.3250000000000002,0.3500000000000001,0.3375000000000001,265,1336233.4414756298
2020,0.3500000000000001,0.375,0.3625,257,1124144.335529089
2020,0.375,0.4000000000000001,0.3875,232,1140654.9892072678
2020,0.4000000000000001,0.425,0.4125000000000001,227,995684.9329161644
2020,0.425,0.4500000000000002,0.4375000000000001,205,859518.6187384129
2020,0.4500000000000002,0.4750000000000001,0.4625000000000001,215,809320.6452941895
2020,0.4750000000000001,0.5,0.4875,208,716174.8958067894
2020,0.5,0.5250000000000001,0.5125000000000001,182,708852.3519794941
2020,0.5250000000000001,0.55,0.5375000000000001,183,944733.688347578
2020,0.55,0.5750000000000002,0.5625000000000001,191,1199396.074748993
2020,0.5750000000000002,0.6000000000000001,0.5875000000000001,156,730075.5194354057
2020,0.6000000000000001,0.625,0.6125,156,907437.091208458
2020,0.625,0.6500000000000001,0.6375000000000001,151,723211.2900152206
2020,0.6500000000000001,0.675,0.6625000000000001,123,639243.79783535
2020,0.675,0.7000000000000002,0.6875000000000001,128,402206.5944299698
2020,0.7000000000000002,0.7250000000000001,0.7125000000000001,107,334298.9410967827
2020,0.7250000000000001,0.75,0.7375,108,284034.3071525097
2020,0.75,0.7750000000000001,0.7625000000000001,104,331128.6431660652
2020,0.7750000000000001,0.8,0.7875000000000001,91,227174.7354781628
2020,0.8,0.8250000000000002,0.8125000000000001,71,242469.73707818985
2020,0.8250000000000002,0.8500000000000001,0.8375000000000001,67,182214.97762823105
2020,0.8500000000000001,0.875,0.8625,57,127346.31219410896
2020,0.875,0.9000000000000001,0.8875000000000001,57,126181.78716993332
2020,0.9000000000000001,0.925,0.9125,48,160734.66672635078
2020,0.925,0.9500000000000002,0.9375,49,75849.54451751709
2020,0.9500000000000002,0.975,0.9625,36,72642.41260766983
2020,0.975,1.0,0.9875,49,93734.9537858963
2023,-1.0,-0.975,-0.9875,13689,166231832.50301096
2023,-0.975,-0.95,-0.9625,1203,14175334.452246964
2023,-0.95,-0.925,-0.9375,1383,16760953.936138958
2023,-0.925,-0.9,-0.9125,1443,16430666.876558542
2023,-0.9,-0.875,-0.8875,1691,20599684.233566344
2023,-0.875,-0.85,-0.8625,1884,21860752.616731465
2023,-0.85,-0.825,-0.8374999999999999,2072,24306079.36009699
2023,-0.825,-0.8,-0.8125,2325,26846578.37359244
2023,-0.8,-0.775,-0.7875000000000001,2626,30317276.245545983
2023,-0.775,-0.75,-0.7625,3018,35039673.001579225
2023,-0.75,-0.725,-0.7375,3288,37406695.42879087
2023,-0.725,-0.7,-0.7124999999999999,3790,42717231.25552505
2023,-0.7,-0.675,-0.6875,4328,47761496.54674423
2023,-0.675,-0.6499999999999999,-0.6625,4811,51737362.40215951
2023,-0.6499999999999999,-0.625,-0.6375,5572,58379782.00207269
2023,-0.625,-0.6,-0.6125,6150,63321656.57429993
2023,-0.6,-0.575,-0.5874999999999999,7420,71550784.83903277
2023,-0.575,-0.55,-0.5625,8000,74456940.3908236
2023,-0.55,-0.5249999999999999,-0.5375,8414,78903197.42484736
2023,-0.5249999999999999,-0.5,-0.5125,5314,53362379.59625864
2023,-0.5,-0.475,-0.4875,2978,26855083.67501521
2023,-0.475,-0.4499999999999999,-0.4624999999999999,1903,15088329.573662996
2023,-0.4499999999999999,-0.4249999999999999,-0.4374999999999999,1499,11322474.680180788
2023,-0.4249999999999999,-0.3999999999999999,-0.4124999999999999,1295,9668318.10447061
2023,-0.3999999999999999,-0.375,-0.3874999999999999,1170,8980278.41947782
2023,-0.375,-0.35,-0.3625,1082,8275493.428212881
2023,-0.35,-0.3249999999999999,-0.3374999999999999,995,7270201.446339369
2023,-0.3249999999999999,-0.2999999999999999,-0.3124999999999999,961,6948914.315177679
2023,-0.2999999999999999,-0.2749999999999999,-0.2874999999999999,864,6455275.311179042
2023,-0.2749999999999999,-0.25,-0.2624999999999999,856,6295986.06699419
2023,-0.25,-0.2249999999999999,-0.2375,812,6154480.58972609
2023,-0.2249999999999999,-0.1999999999999999,-0.2124999999999999,795,5663990.327006817
2023,-0.1999999999999999,-0.1749999999999999,-0.1874999999999999,739,5461539.052085161
2023,-0.1749999999999999,-0.1499999999999999,-0.1624999999999999,685,5054396.3490560055
2023,-0.1499999999999999,-0.125,-0.1374999999999999,687,5074875.168904066
2023,-0.125,-0.0999999999999999,-0.1124999999999999,684,5109666.680695295
2023,-0.0999999999999999,-0.0749999999999999,-0.0874999999999999,624,4584026.77289772
2023,-0.0749999999999999,-0.0499999999999999,-0.0624999999999999,529,3769511.199856043
2023,-0.0499999999999999,-0.0249999999999999,-0.0374999999999999,521,3523972.7335426807
2023,-0.0249999999999999,0.0,-0.0124999999999999,521,3185774.823912144
2023,0.0,0.0250000000000001,0.0125,510,3070313.662186861
2023,0.0250000000000001,0.05,0.0375,480,2932448.535774231
2023,0.05,0.0749999999999999,0.0625,486,2803421.816388845
2023,0.0749999999999999,0.1,0.0875,452,2337623.99887538
2023,0.1,0.125,0.1125,409,1936418.2068207264
2023,0.125,0.1500000000000001,0.1375,407,2378582.22554183
2023,0.1500000000000001,0.175,0.1625000000000001,385,2074794.469818592
2023,0.175,0.2000000000000001,0.1875000000000001,378,2054165.289261103
2023,0.2000000000000001,0.2250000000000001,0.2125000000000001,393,2220064.461309433
2023,0.2250000000000001,0.25,0.2375,328,1813720.417869568
2023,0.25,0.2750000000000001,0.2625,318,1482380.4694552422
2023,0.2750000000000001,0.3,0.2875000000000001,290,1478741.2124695778
2023,0.3,0.3250000000000002,0.3125000000000001,279,1383966.192167759
2023,0.3250000000000002,0.3500000000000001,0.3375000000000001,301,1569902.4907193184
2023,0.3500000000000001,0.375,0.3625,225,1080194.6438615322
2023,0.375,0.4000000000000001,0.3875,236,1083224.9518489838
2023,0.4000000000000001,0.425,0.4125000000000001,218,851264.7413499355
2023,0.425,0.4500000000000002,0.4375000000000001,195,867105.8605875969
2023,0.4500000000000002,0.4750000000000001,0.4625000000000001,209,881244.7685985565
2023,0.4750000000000001,0.5,0.4875,196,943081.8200688362
2023,0.5,0.5250000000000001,0.5125000000000001,187,791018.7258443832
2023,0.5250000000000001,0.55,0.5375000000000001,198,1168192.442895174
2023,0.55,0.5750000000000002,0.5625000000000001,186,1487448.7738153934
2023,0.5750000000000002,0.6000000000000001,0.5875000000000001,165,1163549.888388157
2023,0.6000000000000001,0.625,0.6125,166,828988.9097189903
2023,0.625,0.6500000000000001,0.6375000000000001,166,935466.6939840316
2023,0.6500000000000001,0.675,0.6625000000000001,120,550550.3747553825
2023,0.675,0.7000000000000002,0.6875000000000001,124,539621.8175473213
2023,0.7000000000000002,0.7250000000000001,0.7125000000000001,112,418181.89680075645
2023,0.7250000000000001,0.75,0.7375,115,490465.31711387634
2023,0.75,0.7750000000000001,0.7625000000000001,77,334755.56278538704
2023,0.7750000000000001,0.8,0.7875000000000001,115,341211.10531806946
2023,0.8,0.8250000000000002,0.8125000000000001,86,247222.7998979092
2023,0.8250000000000002,0.8500000000000001,0.8375000000000001,77,222130.70368146896
2023,0.8500000000000001,0.875,0.8625,66,153369.12081694603
2023,0.875,0.9000000000000001,0.8875000000000001,65,153714.56260943413
2023,0.9000000000000001,0.925,0.9125,62,190500.20112895968
2023,0.925,0.9500000000000002,0.9375,51,120078.40793728828
2023,0.9500000000000002,0.975,0.9625,38,76359.10034418106
2023,0.975,1.0,0.9875,54,119861.6960363388
