bin_left,bin_right,bin_center,grid_count,area_weight_m2,area_weighted_share_percent,display_class,display_clipped,clip_min,clip_max
-0.45,-0.44,-0.445,512,11520000.0,0.6439522569771976,Softening,True,-0.45,0.45
-0.44,-0.43,-0.435,49,1102500.0,0.0616282433435208,Softening,True,-0.45,0.45
-0.43,-0.42,-0.425,54,1215000.0,0.0679168396030638,Softening,True,-0.45,0.45
-0.42,-0.41,-0.415,54,1215000.0,0.0679168396030638,Softening,True,-0.45,0.45
-0.41,-0.4,-0.405,55,1237500.0,0.0691745588549724,Softening,True,-0.45,0.45
-0.4,-0.39,-0.395,62,1395000.0,0.0779785936183325,Softening,True,-0.45,0.45
-0.39,-0.38,-0.385,70,1575000.0,0.0880403476336012,Softening,True,-0.45,0.45
-0.38,-0.37,-0.375,52,1170000.0,0.0654014010992466,Softening,True,-0.45,0.45
-0.37,-0.36,-0.365,84,1890000.0,0.1056484171603214,Softening,True,-0.45,0.45
-0.36,-0.35,-0.355,100,2250000.0,0.1257719251908589,Softening,True,-0.45,0.45
-0.35,-0.34,-0.345,91,2047500.0,0.1144524519236815,Softening,True,-0.45,0.45
-0.34,-0.33,-0.335,95,2137500.0,0.1194833289313159,Softening,True,-0.45,0.45
-0.33,-0.32,-0.325,101,2272500.0,0.1270296444427675,Softening,True,-0.45,0.45
-0.32,-0.31,-0.315,124,2790000.0,0.155957187236665,Softening,True,-0.45,0.45
-0.31,-0.3,-0.305,146,3285000.0,0.183627010778654,Softening,True,-0.45,0.45
-0.3,-0.29,-0.295,142,3195000.0,0.1785961337710196,Softening,True,-0.45,0.45
-0.29,-0.28,-0.285,157,3532500.0,0.1974619225496484,Softening,True,-0.45,0.45
-0.28,-0.27,-0.275,191,4297500.0,0.2402243771145405,Softening,True,-0.45,0.45
-0.27,-0.26,-0.265,209,4702500.0,0.2628633236488951,Softening,True,-0.45,0.45
-0.26,-0.25,-0.255,215,4837500.0,0.2704096391603466,Softening,True,-0.45,0.45
-0.25,-0.24,-0.245,335,7537500.0,0.4213359493893773,Softening,True,-0.45,0.45
-0.24,-0.23,-0.235,358,8055000.0,0.4502634921832748,Softening,True,-0.45,0.45
-0.23,-0.22,-0.225,399,8977500.0,0.501829981511527,Softening,True,-0.45,0.45
-0.22,-0.21,-0.215,444,9990000.0,0.5584273478474135,Softening,True,-0.45,0.45
-0.21,-0.2,-0.205,500,11250000.0,0.6288596259542945,Softening,True,-0.45,0.45
-0.2,-0.19,-0.195,589,13252500.0,0.7407966393741588,Softening,True,-0.45,0.45
-0.19,-0.18,-0.185,603,13567500.0,0.7584047089008792,Softening,True,-0.45,0.45
-0.18,-0.1699999999999999,-0.175,669,15052500.0,0.841414179526846,Softening,True,-0.45,0.45
-0.1699999999999999,-0.16,-0.165,708,15930000.0,0.8904652303512809,Softening,True,-0.45,0.45
-0.16,-0.15,-0.155,757,17032500.0,0.9520934736948018,Softening,True,-0.45,0.45
-0.15,-0.14,-0.145,794,17865000.0,0.9986290860154196,Softening,True,-0.45,0.45
-0.14,-0.13,-0.135,850,19125000.0,1.0690613641223008,Softening,True,-0.45,0.45
-0.13,-0.12,-0.125,1011,22747500.0,1.2715541636795835,Softening,True,-0.45,0.45
-0.12,-0.1099999999999999,-0.1149999999999999,1057,23782500.0,1.3294092492673786,Softening,True,-0.45,0.45
-0.1099999999999999,-0.0999999999999999,-0.1049999999999999,1236,27810000.0,1.554540995359016,Softening,True,-0.45,0.45
-0.0999999999999999,-0.09,-0.095,1261,28372500.0,1.5859839766567307,Softening,True,-0.45,0.45
-0.09,-0.08,-0.085,1442,32445000.0,1.8136311612521847,Softening,True,-0.45,0.45
-0.08,-0.07,-0.075,1611,36247500.0,2.0261857148247366,Softening,True,-0.45,0.45
-0.07,-0.06,-0.065,1769,39802500.0,2.224905356626293,Softening,True,-0.45,0.45
-0.06,-0.0499999999999999,-0.0549999999999999,1970,44325000.0,2.4777069262599203,Softening,True,-0.45,0.45
-0.0499999999999999,-0.0399999999999999,-0.0449999999999999,2111,47497500.0,2.6550453407790315,Softening,True,-0.45,0.45
-0.0399999999999999,-0.03,-0.035,2501,56272500.0,3.1455558490233813,Softening,True,-0.45,0.45
-0.03,-0.02,-0.025,2958,66555000.0,3.720333547145606,Softening,True,-0.45,0.45
-0.02,-0.01,-0.015,3898,87705000.0,4.902589643939679,Softening,True,-0.45,0.45
-0.01,0.0,-0.005,6539,147127500.0,8.224226188230263,Softening,True,-0.45,0.45
0.0,0.01,0.005,11014,247815000.0,13.852519840521198,Hardening,True,-0.45,0.45
0.01,0.02,0.015,3687,82957500.0,4.637210881786968,Hardening,True,-0.45,0.45
0.02,0.0299999999999999,0.0249999999999999,2879,64777500.0,3.620973726244828,Hardening,True,-0.45,0.45
0.0299999999999999,0.0399999999999999,0.0349999999999999,2289,51502500.0,2.87891936761876,Hardening,True,-0.45,0.45
0.0399999999999999,0.0499999999999999,0.0449999999999999,1924,43290000.0,2.419851840672125,Hardening,True,-0.45,0.45
0.0499999999999999,0.06,0.0549999999999999,1648,37080000.0,2.0727213271453544,Hardening,True,-0.45,0.45
0.06,0.07,0.065,1419,31927500.0,1.7847036184582876,Hardening,True,-0.45,0.45
0.07,0.08,0.075,1296,29160000.0,1.6300041504735314,Hardening,True,-0.45,0.45
0.08,0.09,0.085,1170,26325000.0,1.4715315247330492,Hardening,True,-0.45,0.45
0.09,0.1,0.095,1018,22905000.0,1.2803581984429435,Hardening,True,-0.45,0.45
0.1,0.11,0.105,969,21802500.0,1.2187299550994226,Hardening,True,-0.45,0.45
0.11,0.12,0.115,856,19260000.0,1.076607679633752,Hardening,True,-0.45,0.45
0.12,0.1299999999999999,0.125,873,19642500.0,1.097988906916198,Hardening,True,-0.45,0.45
0.1299999999999999,0.1399999999999999,0.1349999999999999,771,17347500.0,0.969701543221522,Hardening,True,-0.45,0.45
0.1399999999999999,0.1499999999999999,0.1449999999999999,746,16785000.0,0.9382585619238072,Hardening,True,-0.45,0.45
0.1499999999999999,0.1599999999999999,0.1549999999999999,692,15570000.0,0.8703417223207435,Hardening,True,-0.45,0.45
0.1599999999999999,0.1699999999999999,0.1649999999999999,646,14535000.0,0.8124866367329484,Hardening,True,-0.45,0.45
0.1699999999999999,0.18,0.175,568,12780000.0,0.7143845350840785,Hardening,True,-0.45,0.45
0.18,0.19,0.185,558,12555000.0,0.7018073425649927,Hardening,True,-0.45,0.45
0.19,0.2,0.195,521,11722500.0,0.6552717302443748,Hardening,True,-0.45,0.45
0.2,0.21,0.205,482,10845000.0,0.6062206794199398,Hardening,True,-0.45,0.45
0.21,0.22,0.215,419,9427500.0,0.5269843665496988,Hardening,True,-0.45,0.45
0.22,0.23,0.225,376,8460000.0,0.4729024387176294,Hardening,True,-0.45,0.45
0.23,0.24,0.235,327,7357500.0,0.4112741953741086,Hardening,True,-0.45,0.45
0.24,0.25,0.245,271,6097500.0,0.3408419172672276,Hardening,True,-0.45,0.45
0.25,0.2599999999999999,0.255,198,4455000.0,0.2490284118779006,Hardening,True,-0.45,0.45
0.2599999999999999,0.2699999999999999,0.2649999999999999,178,4005000.0,0.2238740268397288,Hardening,True,-0.45,0.45
0.2699999999999999,0.2799999999999999,0.2749999999999999,183,4117500.0,0.2301626230992717,Hardening,True,-0.45,0.45
0.2799999999999999,0.29,0.285,169,3802500.0,0.2125545535725515,Hardening,True,-0.45,0.45
0.29,0.3,0.295,169,3802500.0,0.2125545535725515,Hardening,True,-0.45,0.45
0.3,0.31,0.305,132,2970000.0,0.1660189412519337,Hardening,True,-0.45,0.45
0.31,0.32,0.315,136,3060000.0,0.171049818259568,Hardening,True,-0.45,0.45
0.32,0.33,0.325,152,3420000.0,0.1911733262901055,Hardening,True,-0.45,0.45
0.33,0.34,0.335,110,2475000.0,0.1383491177099448,Hardening,True,-0.45,0.45
0.34,0.35,0.345,108,2430000.0,0.1358336792061276,Hardening,True,-0.45,0.45
0.35,0.36,0.355,109,2452500.0,0.1370913984580362,Hardening,True,-0.45,0.45
0.36,0.37,0.365,92,2070000.0,0.1157101711755901,Hardening,True,-0.45,0.45
0.37,0.38,0.375,92,2070000.0,0.1157101711755901,Hardening,True,-0.45,0.45
0.38,0.3899999999999999,0.385,83,1867500.0,0.1043906979084128,Hardening,True,-0.45,0.45
0.3899999999999999,0.3999999999999999,0.3949999999999999,80,1800000.0,0.1006175401526871,Hardening,True,-0.45,0.45
0.3999999999999999,0.41,0.4049999999999999,75,1687500.0,0.0943289438931441,Hardening,True,-0.45,0.45
0.41,0.42,0.415,89,2002500.0,0.1119370134198644,Hardening,True,-0.45,0.45
0.42,0.43,0.425,77,1732500.0,0.0968443823969613,Hardening,True,-0.45,0.45
0.43,0.44,0.435,72,1620000.0,0.0905557861374184,Hardening,True,-0.45,0.45
0.44,0.45,0.445,853,19192500.0,1.0728345218780264,Hardening,True,-0.45,0.45
