GU_A3,n_grid,area_weight_m2,weighted_mean_pMEHI,weighted_p10,weighted_p25,weighted_median_pMEHI,weighted_p75,weighted_p90,median_class,low_sample_support,softening_share_percent,near_neutral_share_percent,hardening_share_percent
NGA,4355,97987500.0,0.1255289175781626,-0.0601260317851757,0.0028289763082095,0.0842704476271202,0.2029927551980552,0.4028903025022251,Hardening,0,19.150401836969,6.544202066590127,74.30539609644087
MEX,247,5557500.0,0.0835539469160663,-8.980540952152615e-06,0.0156582063068529,0.0579270357737682,0.1377602900226305,0.1991713959140837,Hardening,0,6.0728744939271255,11.740890688259109,82.18623481781377
THA,3906,87885000.0,0.0617218055937573,-0.0752785274694695,-0.0091041238356472,0.0313829524260715,0.1129806267373371,0.2635951270593538,Hardening,0,27.700972862263185,7.091653865847414,65.2073732718894
PHL,712,16020000.0,0.0354177695219012,-0.0608978682509944,-0.0152211112606864,0.0181585416650216,0.0606119256803125,0.1557253344304763,Hardening,0,31.46067415730337,7.724719101123595,60.81460674157303
IDN,3891,87547500.0,0.0251172214697622,-0.1604702919705359,-0.0524596831626801,0.017205230886907,0.1114238641426576,0.2015192754579728,Hardening,0,36.54587509637625,8.069904908763814,55.384219994859926
MYS,8850,199125000.0,0.03218834712315,-0.108138860262136,-0.0244551618180077,0.0129510581041746,0.0885677594057879,0.1949402978241137,Hardening,0,32.49717514124294,12.384180790960452,55.11864406779661
NZL,3802,85545000.0,0.010607160156302,-0.1223001535277073,-0.0369392128163808,0.000877616316602,0.0492082768963874,0.15142759888564,Near-neutral,0,42.24092582851131,12.361914781693846,45.39715938979485
USA,23278,523755000.0,-0.0009584893001524,-0.1115892994208367,-0.032209715598147,0.0,0.029315184626326,0.1190079081059009,Near-neutral,0,41.04734083684165,20.45708394191941,38.49557522123894
COL,2171,48847500.0,-0.0012444853445506,-0.1372858178845856,-0.0631978006454038,0.0,0.0584424901435815,0.1515664463163679,Near-neutral,0,47.25932749884846,16.21372639336711,36.52694610778443
PAK,1701,38272500.0,0.002468732573491,-0.12712842093174,-0.0369520896892912,-0.0005355667017716,0.0351965457154483,0.12703911977573,Near-neutral,0,44.97354497354497,13.874191651969433,41.1522633744856
MOZ,460,10350000.0,-0.0176002180588342,-0.1542200931316787,-0.070470162147324,-0.0011030067094971,0.0207406250337281,0.1311637201858402,Near-neutral,0,46.30434782608695,22.17391304347826,31.521739130434785
CHN,813,18292500.0,0.000121820112631,-0.133962417392997,-0.0474700311160143,-0.0042178272275433,0.0443192670053564,0.1378692067098675,Near-neutral,0,48.21648216482165,9.84009840098401,41.94341943419434
AUS,8058,181305000.0,-0.0214163934233009,-0.1747870032683126,-0.0770699073664195,-0.0092848560039891,0.0217344601543177,0.1015148269717942,Softening,0,53.37552742616034,11.49168528170762,35.13278729213204
BHR,36,810000.0,-0.0302799987323457,-0.1918309407344783,-0.0794869300368875,-0.0162695053214326,-0.0014617564809442,0.0671883790047236,Softening,1,66.66666666666666,11.11111111111111,22.22222222222222
BRA,8637,194332500.0,-0.0426833694650009,-0.1766840132765309,-0.0975408758990528,-0.0182161414796624,0.0,0.0491935136484863,Softening,0,57.70522172050481,22.06784763227973,20.226930647215468
GIN,4771,107347500.0,-0.0414158826574438,-0.1753178100548912,-0.0912219987200139,-0.0206023828081707,0.0052100366415134,0.0602259689510648,Softening,0,57.80758750785999,17.166212534059948,25.02619995808007
SGP,374,8415000.0,-0.0394275486796388,-0.1754502535042113,-0.0830679952817793,-0.0222774913737326,0.009298876985233,0.0537182189942383,Softening,0,62.03208556149733,10.962566844919785,27.00534759358289
GHA,50,1125000.0,-0.0538836595676803,-0.1374958287376474,-0.0730038298118616,-0.0480778110865371,-0.0171367861145234,0.0063954568105127,Softening,1,88.0,2.0,10.0
IND,3397,76432500.0,-0.1433487359827341,-0.3662195148732171,-0.2071535243715356,-0.1051208149599812,-0.0389045045263705,-0.0029031905368077,Softening,0,89.28466293788637,3.6502796585222255,7.065057403591404
