GU_A3,country,B_2023_aw,C_2023_aw,MEHI_2023_aw,P_2023_aw,S_2023_aw
BHR,Bahrain,-0.6186425814031955,-0.638616482541391,-0.1928359754338717,0.8807137701110856,-0.3947986079019863
NZL,New Zealand,-0.8519225569619514,-0.8120568576246511,-0.444162062886329,0.7121970244030208,-0.8248658613617299
THA,Thailand,-0.8579763047582191,-0.8577527809289097,-0.4559363588403843,0.7198692958886678,-0.8278856455630701
NGA,Nigeria,-0.8105340675907518,-0.8756686271392372,-0.5020831912990736,0.3649747955102387,-0.6871048659765547
CHN,China,-0.9058204923999528,-0.90841893277195,-0.5083415080812766,0.6642636389374537,-0.883390246090661
PHL,Philippines,-0.9275855313120028,-0.9106128558669884,-0.5336568596393053,0.6137133729995867,-0.910142424377819
MEX,Mexico,-0.9126593710316756,-0.9726363071663534,-0.5716920150663506,0.5084606026867535,-0.9099329847541276
MYS,Malaysia,-0.9199465348709172,-0.957084114449454,-0.6301703242243867,0.2471287434495013,-0.8907793910266848
AUS,Australia,-0.9404730480043844,-0.9490989885910176,-0.6346178143798951,0.255525249545886,-0.9044244704700728
IDN,Indonesia,-0.9174602169256932,-0.9522864763577304,-0.6346425247359222,0.2276586572327685,-0.8964820628930278
GHA,Ghana,-0.9812955881139076,-0.9960108658394032,-0.6384334515877592,0.3834306852878159,-0.959858037685542
PAK,Pakistan,-0.9172501836694452,-0.9552430736380289,-0.6408316142845586,0.1690689805475536,-0.8599021803783156
USA,United States,-0.9376625048132292,-0.9544362750723066,-0.6552062533329487,0.1839003044372762,-0.9126265378835284
IND,India,-0.9684219087091166,-0.9844688330033858,-0.6775034184188907,0.2065158584779554,-0.9636387904410192
MOZ,Mozambique,-0.8250226171731007,-0.971524503747404,-0.6789482412481465,-0.1105791363080061,-0.8086667077640726
SGP,Singapore,-0.9870375721938128,-0.9847978389658656,-0.7079666532488066,0.0967784309455717,-0.9568096327811207
BRA,Brazil,-0.9590434075867064,-0.981531065600364,-0.7699918377128886,-0.1967580247314282,-0.9426348529330408
COL,Colombia,-0.9711569873828644,-0.993297594541223,-0.7856320140882803,-0.2138517125276228,-0.9642217619014084
GIN,Guinea,-0.9774672825008264,-0.9961257448973322,-0.7905154326675988,-0.2407300546157994,-0.947738648656443
