GU_A3,country,common_grid_cells,common_neighbourhood_mangrove_area_change_percent,pMEHI_aw,pathway
IND,India,3397,97.66802029779124,-0.1210209795190535,Persistent buffered
GHA,Ghana,50,46.33181500923816,-0.0568160059427345,Persistent buffered
BRA,Brazil,8637,21.225684281701813,-0.0435863310462541,Persistent buffered
GIN,Guinea,4771,-1.2233205115650694,-0.0392125552598781,Loss without hardening
AUS,Australia,8058,20.51432267451952,-0.0340633066082747,Persistent buffered
BHR,Bahrain,36,55.66483866795466,-0.0320334367995067,Persistent buffered
SGP,Singapore,374,-4.572099547186977,-0.0313297237100141,Loss without hardening
MOZ,Mozambique,460,23.64378490372564,-0.0120144668800807,Persistent buffered
PAK,Pakistan,1701,17.024924846067837,-0.0103108472179753,Persistent buffered
USA,United States,23278,4.904497656285455,-0.0042566008078649,Persistent buffered
COL,Colombia,2171,14.618256242780411,1.916568344111324e-05,Persistent hardening
CHN,China,813,65.54273425077903,0.0012110077754777,Persistent hardening
NZL,New Zealand,3802,30.24127775185957,0.0107076757734579,Persistent hardening
IDN,Indonesia,3891,21.40986051043847,0.0174377859149158,Persistent hardening
MYS,Malaysia,8850,-8.061355521365405,0.0225980517731195,Loss hardening
PHL,Philippines,712,-23.65521256020704,0.0272528323473906,Loss hardening
THA,Thailand,3906,3.368200408893641,0.0422754339752749,Persistent hardening
MEX,Mexico,247,-1.0806142832271637,0.0666419115740973,Loss hardening
NGA,Nigeria,4355,4.262082390422984,0.1363502422728896,Persistent hardening
