GU_A3,route,weight_m2_sum,grid_count,median_pMEHI,median_delta_built_share,median_delta_soft_share,country_hardening_weight_m2,share_of_country_hardening_weight_percent,n_grid,n_positive_pmehi,total_weight_m2,adequate_for_fig4,route_label,panel,units,weighting,source_table,filters
AUS,built_up_replacement_route,1722377.10787847,419,0.1758668501383207,0.1635117274539977,-0.190078458696262,20673431.915020287,8.331355504777495,8058,3201,67388873.19733135,True,Built-up replacement,panel_c,percent,hardening weight,data/supporting/Fig5_grid_route_classification.csv.gz,hardening grids by country/location
AUS,mixed_route,1854261.9224671528,232,0.04311226245030985,0.0,0.03016887662050345,20673431.915020287,8.969299002164892,8058,3201,67388873.19733135,True,Mixed,panel_c,percent,hardening weight,data/supporting/Fig5_grid_route_classification.csv.gz,hardening grids by country/location
AUS,proximity_only_route,10207023.142556164,1205,0.0244375572830478,0.0,-0.0230142751568205,20673431.915020287,49.37265948156507,8058,3201,67388873.19733135,True,Proximity-only,panel_c,percent,hardening weight,data/supporting/Fig5_grid_route_classification.csv.gz,hardening grids by country/location
AUS,tidal_flat_loss_route,834949.383763395,129,0.0837079783449773,0.01130009425212,-0.0633018714675407,20673431.915020287,4.038755573798864,8058,3201,67388873.19733135,True,Tidal-flat loss,panel_c,percent,hardening weight,data/supporting/Fig5_grid_route_classification.csv.gz,hardening grids by country/location
AUS,vegetation_buffer_loss_route,5196291.989599469,675,0.0660413518324728,5.6225904486104095e-08,-0.1706376016447846,20673431.915020287,25.135120336861448,8058,3201,67388873.19733135,True,Vegetation-buffer loss,panel_c,percent,hardening weight,data/supporting/Fig5_grid_route_classification.csv.gz,hardening grids by country/location
AUS,water_edge_narrowing_route,858528.3687556357,171,0.0688532171140357,0.0,-0.037107211504044,20673431.915020287,4.152810100832226,8058,3201,67388873.19733135,True,Water-edge narrowing,panel_c,percent,hardening weight,data/supporting/Fig5_grid_route_classification.csv.gz,hardening grids by country/location
BHR,tidal_flat_loss_route,9206.905047121563,3,0.0891054044225796,0.0772252621487599,-0.4141218421482187,42469.42026291638,21.678904468495624,36,9,162178.02476347258,False,Tidal-flat loss,panel_c,percent,hardening weight,data/supporting/Fig5_grid_route_classification.csv.gz,hardening grids by country/location
BHR,vegetation_buffer_loss_route,26525.852476478736,4,0.04992161312888055,-0.0095575530362917,-0.1879317672520766,42469.42026291638,62.458711026109036,36,9,162178.02476347258,False,Vegetation-buffer loss,panel_c,percent,hardening weight,data/supporting/Fig5_grid_route_classification.csv.gz,hardening grids by country/location
BHR,water_edge_narrowing_route,6736.662739316076,1,0.0318954065174511,0.1322633776769701,0.078944198470735,42469.42026291638,15.862384505395339,36,9,162178.02476347258,False,Water-edge narrowing,panel_c,percent,hardening weight,data/supporting/Fig5_grid_route_classification.csv.gz,hardening grids by country/location
BRA,built_up_replacement_route,768994.3245115442,186,0.18128044497642234,0.18658375270972194,-0.1630993996296461,14775723.371652458,5.2044445146210325,8637,1980,81957181.34465845,True,Built-up replacement,panel_c,percent,hardening weight,data/supporting/Fig5_grid_route_classification.csv.gz,hardening grids by country/location
BRA,mixed_route,1195631.7771284047,133,0.028682304739335,0.0,0.030847722301218,14775723.371652458,8.091866279943018,8637,1980,81957181.34465845,True,Mixed,panel_c,percent,hardening weight,data/supporting/Fig5_grid_route_classification.csv.gz,hardening grids by country/location
BRA,proximity_only_route,9274297.876378497,968,0.035560384017566005,0.0,-0.014396674341098599,14775723.371652458,62.767132566730616,8637,1980,81957181.34465845,True,Proximity-only,panel_c,percent,hardening weight,data/supporting/Fig5_grid_route_classification.csv.gz,hardening grids by country/location
BRA,tidal_flat_loss_route,381450.02908689476,67,0.0867615140882529,0.0,-0.3566711962264567,14775723.371652458,2.5815996922270137,8637,1980,81957181.34465845,True,Tidal-flat loss,panel_c,percent,hardening weight,data/supporting/Fig5_grid_route_classification.csv.gz,hardening grids by country/location
BRA,vegetation_buffer_loss_route,2729229.656097289,319,0.0734266353037323,1.1192669874954265e-07,-0.186784934972122,14775723.371652458,18.471039200242302,8637,1980,81957181.34465845,True,Vegetation-buffer loss,panel_c,percent,hardening weight,data/supporting/Fig5_grid_route_classification.csv.gz,hardening grids by country/location
BRA,water_edge_narrowing_route,426119.7084498281,74,0.07508684287757865,0.0,-0.043856834433548,14775723.371652458,2.8839177462360177,8637,1980,81957181.34465845,True,Water-edge narrowing,panel_c,percent,hardening weight,data/supporting/Fig5_grid_route_classification.csv.gz,hardening grids by country/location
CHN,built_up_replacement_route,85381.39479718496,30,0.2805584915667886,0.22790999671240408,-0.27959344481545295,1608716.718878802,5.307422605559273,813,369,4177186.684866157,True,Built-up replacement,panel_c,percent,hardening weight,data/supporting/Fig5_grid_route_classification.csv.gz,hardening grids by country/location
CHN,mixed_route,90106.69076893579,23,0.0295072023343852,0.0,0.0847808670673216,1608716.718878802,5.601153373462533,813,369,4177186.684866157,True,Mixed,panel_c,percent,hardening weight,data/supporting/Fig5_grid_route_classification.csv.gz,hardening grids by country/location
CHN,proximity_only_route,843184.8698560399,131,0.0321958660643157,0.0,-0.165941284810088,1608716.718878802,52.41350823056648,813,369,4177186.684866157,True,Proximity-only,panel_c,percent,hardening weight,data/supporting/Fig5_grid_route_classification.csv.gz,hardening grids by country/location
CHN,tidal_flat_loss_route,104077.56188628693,46,0.0961670265957365,0.01860140706071985,-0.2201893474655697,1608716.718878802,6.469601556626077,813,369,4177186.684866157,True,Tidal-flat loss,panel_c,percent,hardening weight,data/supporting/Fig5_grid_route_classification.csv.gz,hardening grids by country/location
CHN,vegetation_buffer_loss_route,189080.95055372413,39,0.0730942532400513,0.0,-0.2098979304788074,1608716.718878802,11.753526791559949,813,369,4177186.684866157,True,Vegetation-buffer loss,panel_c,percent,hardening weight,data/supporting/Fig5_grid_route_classification.csv.gz,hardening grids by country/location
CHN,water_edge_narrowing_route,296885.25101663015,72,0.111876104671323,0.035511230677859454,-0.059654237242156946,1608716.718878802,18.454787442225683,813,369,4177186.684866157,True,Water-edge narrowing,panel_c,percent,hardening weight,data/supporting/Fig5_grid_route_classification.csv.gz,hardening grids by country/location
COL,built_up_replacement_route,105801.84649082413,16,0.3055336453900621,0.13820463784454615,-0.11556177523533205,7688609.315166659,1.376085611244649,2171,835,21311400.180686485,True,Built-up replacement,panel_c,percent,hardening weight,data/supporting/Fig5_grid_route_classification.csv.gz,hardening grids by country/location
COL,mixed_route,141255.824478956,23,0.0806449773645909,0.0,0.2509138452897901,7688609.315166659,1.837209028169929,2171,835,21311400.180686485,True,Mixed,panel_c,percent,hardening weight,data/supporting/Fig5_grid_route_classification.csv.gz,hardening grids by country/location
COL,proximity_only_route,6573358.398948322,638,0.08895602741915734,0.0,-0.060986276430537,7688609.315166659,85.49476413090237,2171,835,21311400.180686485,True,Proximity-only,panel_c,percent,hardening weight,data/supporting/Fig5_grid_route_classification.csv.gz,hardening grids by country/location
COL,tidal_flat_loss_route,58626.02658539064,8,0.08874770142892266,0.0,-0.055415683332183704,7688609.315166659,0.7625049496239081,2171,835,21311400.180686485,True,Tidal-flat loss,panel_c,percent,hardening weight,data/supporting/Fig5_grid_route_classification.csv.gz,hardening grids by country/location
COL,vegetation_buffer_loss_route,428670.3238852076,55,0.1019768719898781,0.0,-0.2555956727577332,7688609.315166659,5.575394799155766,2171,835,21311400.180686485,True,Vegetation-buffer loss,panel_c,percent,hardening weight,data/supporting/Fig5_grid_route_classification.csv.gz,hardening grids by country/location
COL,water_edge_narrowing_route,380896.8947779579,53,0.1567530817239544,0.0148135496524728,-0.0779603160544419,7688609.315166659,4.954041480903384,2171,835,21311400.180686485,True,Water-edge narrowing,panel_c,percent,hardening weight,data/supporting/Fig5_grid_route_classification.csv.gz,hardening grids by country/location
GHA,proximity_only_route,2318.592465085482,2,0.013210992614044549,0.0,-0.0723829668481306,7264.855935504117,31.915188486454028,50,5,143235.042073966,True,Proximity-only,panel_c,percent,hardening weight,data/supporting/Fig5_grid_route_classification.csv.gz,hardening grids by country/location
GHA,water_edge_narrowing_route,4946.263470418635,3,0.0209585629222897,0.0,-0.2509845227912465,7264.855935504117,68.08481151354597,50,5,143235.042073966,True,Water-edge narrowing,panel_c,percent,hardening weight,data/supporting/Fig5_grid_route_classification.csv.gz,hardening grids by country/location
GIN,built_up_replacement_route,40592.4978600819,23,0.2111567256417427,0.2288189484006592,-0.3161643612720083,9376744.853641251,0.4329060723489635,4771,1317,41125454.7757118,True,Built-up replacement,panel_c,percent,hardening weight,data/supporting/Fig5_grid_route_classification.csv.gz,hardening grids by country/location
GIN,mixed_route,1292707.293716368,204,0.0807857073688911,0.0,0.3149415343539117,9376744.853641251,13.786311922675104,4771,1317,41125454.7757118,True,Mixed,panel_c,percent,hardening weight,data/supporting/Fig5_grid_route_classification.csv.gz,hardening grids by country/location
GIN,proximity_only_route,6136955.793585676,630,0.0317076283571179,0.0,0.0495163019654984,9376744.853641251,65.44868063891623,4771,1317,41125454.7757118,True,Proximity-only,panel_c,percent,hardening weight,data/supporting/Fig5_grid_route_classification.csv.gz,hardening grids by country/location
GIN,tidal_flat_loss_route,189361.74558335412,38,0.05193392920786161,0.0001134102858517,-0.07920106178514535,9376744.853641251,2.0194827580257737,4771,1317,41125454.7757118,True,Tidal-flat loss,panel_c,percent,hardening weight,data/supporting/Fig5_grid_route_classification.csv.gz,hardening grids by country/location
GIN,vegetation_buffer_loss_route,1607057.2987964912,273,0.0659307194847086,0.0,-0.1441568184609958,9376744.853641251,17.138754694518816,4771,1317,41125454.7757118,True,Vegetation-buffer loss,panel_c,percent,hardening weight,data/supporting/Fig5_grid_route_classification.csv.gz,hardening grids by country/location
GIN,water_edge_narrowing_route,110070.22409927961,26,0.07173301745502715,0.007352368415806,0.0174211977881013,9376744.853641251,1.1738639135151072,4771,1317,41125454.7757118,True,Water-edge narrowing,panel_c,percent,hardening weight,data/supporting/Fig5_grid_route_classification.csv.gz,hardening grids by country/location
IDN,built_up_replacement_route,476270.1557264895,147,0.2526330181599331,0.2405923265514946,-0.2528610408392232,12174289.188956866,3.912098261625884,3889,2271,23380605.26643712,True,Built-up replacement,panel_c,percent,hardening weight,data/supporting/Fig5_grid_route_classification.csv.gz,hardening grids by country/location
IDN,mixed_route,988578.3644293163,142,0.0849941326616202,4.336808689942018e-19,0.18504593230744093,12174289.188956866,8.1202142407299,3889,2271,23380605.26643712,True,Mixed,panel_c,percent,hardening weight,data/supporting/Fig5_grid_route_classification.csv.gz,hardening grids by country/location
IDN,proximity_only_route,8115945.816941828,1342,0.07787798832970415,0.0,-0.06704474841391661,12174289.188956866,66.66463800041561,3889,2271,23380605.26643712,True,Proximity-only,panel_c,percent,hardening weight,data/supporting/Fig5_grid_route_classification.csv.gz,hardening grids by country/location
IDN,tidal_flat_loss_route,228026.49119041432,49,0.1619669523025506,0.0391587191290763,-0.0968227668881934,12174289.188956866,1.873016877217391,3889,2271,23380605.26643712,True,Tidal-flat loss,panel_c,percent,hardening weight,data/supporting/Fig5_grid_route_classification.csv.gz,hardening grids by country/location
IDN,vegetation_buffer_loss_route,1372110.098414456,231,0.1241810145594251,0.0098915871692902,-0.1628327222579954,12174289.188956866,11.2705561459726,3889,2271,23380605.26643712,True,Vegetation-buffer loss,panel_c,percent,hardening weight,data/supporting/Fig5_grid_route_classification.csv.gz,hardening grids by country/location
IDN,water_edge_narrowing_route,993358.2622543616,242,0.1502013287078634,0.01919405534332485,-0.13062383833736035,12174289.188956866,8.159476474038613,3889,2271,23380605.26643712,True,Water-edge narrowing,panel_c,percent,hardening weight,data/supporting/Fig5_grid_route_classification.csv.gz,hardening grids by country/location
IND,built_up_replacement_route,47958.61508597432,28,0.22262465752819674,0.2748317190745613,-0.2393825609831005,1190216.6113314577,4.0294022642084055,3397,305,18901691.03637856,True,Built-up replacement,panel_c,percent,hardening weight,data/supporting/Fig5_grid_route_classification.csv.gz,hardening grids by country/location
IND,mixed_route,200958.49065990577,39,0.0369043539717844,0.0,0.0846539017917134,1190216.6113314577,16.884194754692583,3397,305,18901691.03637856,True,Mixed,panel_c,percent,hardening weight,data/supporting/Fig5_grid_route_classification.csv.gz,hardening grids by country/location
IND,proximity_only_route,477288.24349151866,75,0.0212266611046162,0.0,-0.1074875623749004,1190216.6113314577,40.1009563257222,3397,305,18901691.03637856,True,Proximity-only,panel_c,percent,hardening weight,data/supporting/Fig5_grid_route_classification.csv.gz,hardening grids by country/location
IND,tidal_flat_loss_route,91718.71075777916,19,0.0401525079036666,0.031619435401423,-0.2764231646673519,1190216.6113314577,7.706051981174783,3397,305,18901691.03637856,True,Tidal-flat loss,panel_c,percent,hardening weight,data/supporting/Fig5_grid_route_classification.csv.gz,hardening grids by country/location
IND,vegetation_buffer_loss_route,310391.4428960782,63,0.0709952283501399,0.0111833434943239,-0.2795261215520146,1190216.6113314577,26.07856754316789,3397,305,18901691.03637856,True,Vegetation-buffer loss,panel_c,percent,hardening weight,data/supporting/Fig5_grid_route_classification.csv.gz,hardening grids by country/location
IND,water_edge_narrowing_route,61901.108440201526,16,0.06571686460360475,0.00373168781405605,-0.18765622121000786,1190216.6113314577,5.200827131034132,3397,305,18901691.03637856,True,Water-edge narrowing,panel_c,percent,hardening weight,data/supporting/Fig5_grid_route_classification.csv.gz,hardening grids by country/location
MEX,built_up_replacement_route,120393.79319660303,18,0.2181866300596007,0.17738420551112316,-0.23656896021984292,1449079.3490803307,8.308295420330975,247,216,1753894.3367943,True,Built-up replacement,panel_c,percent,hardening weight,data/supporting/Fig5_grid_route_classification.csv.gz,hardening grids by country/location
MEX,mixed_route,111624.7106484211,23,0.0976333677365016,0.0294531850224159,0.18013424916107,1449079.3490803307,7.7031468786898785,247,216,1753894.3367943,True,Mixed,panel_c,percent,hardening weight,data/supporting/Fig5_grid_route_classification.csv.gz,hardening grids by country/location
MEX,proximity_only_route,1119394.657859958,150,0.0665238377458171,0.0,-0.009294283818118549,1449079.3490803307,77.24867920934697,247,216,1753894.3367943,True,Proximity-only,panel_c,percent,hardening weight,data/supporting/Fig5_grid_route_classification.csv.gz,hardening grids by country/location
MEX,vegetation_buffer_loss_route,92325.18354158859,11,0.0596685400652487,0.0019438257763322,-0.0892780550746487,1449079.3490803307,6.371299377096462,247,216,1753894.3367943,True,Vegetation-buffer loss,panel_c,percent,hardening weight,data/supporting/Fig5_grid_route_classification.csv.gz,hardening grids by country/location
MEX,water_edge_narrowing_route,5341.003833759983,1,0.0668267280279186,-0.0879054914860929,-0.2895859972174794,1449079.3490803307,0.36857911453570097,247,216,1753894.3367943,True,Water-edge narrowing,panel_c,percent,hardening weight,data/supporting/Fig5_grid_route_classification.csv.gz,hardening grids by country/location
MOZ,built_up_replacement_route,13900.084297354539,10,0.2807213175153953,0.30847625409346685,-0.2918776024890901,978516.4954870513,1.4205263131957573,460,160,3365479.718449779,True,Built-up replacement,panel_c,percent,hardening weight,data/supporting/Fig5_grid_route_classification.csv.gz,hardening grids by country/location
MOZ,mixed_route,80651.18080769101,11,0.0151511231212279,0.0,0.0338887627037607,978516.4954870513,8.242189189416507,460,160,3365479.718449779,True,Mixed,panel_c,percent,hardening weight,data/supporting/Fig5_grid_route_classification.csv.gz,hardening grids by country/location
MOZ,proximity_only_route,634450.9029076357,75,0.0445845513608329,0.0,0.0,978516.4954870513,64.83803858532207,460,160,3365479.718449779,True,Proximity-only,panel_c,percent,hardening weight,data/supporting/Fig5_grid_route_classification.csv.gz,hardening grids by country/location
MOZ,tidal_flat_loss_route,44587.860268444056,9,0.0643811545990502,0.0060307380013415,-0.1589566245026448,978516.4954870513,4.556679470819824,460,160,3365479.718449779,True,Tidal-flat loss,panel_c,percent,hardening weight,data/supporting/Fig5_grid_route_classification.csv.gz,hardening grids by country/location
MOZ,vegetation_buffer_loss_route,138384.29114245943,22,0.10216964779449819,0.0261188579332017,-0.1974932176377637,978516.4954870513,14.14225429828645,460,160,3365479.718449779,True,Vegetation-buffer loss,panel_c,percent,hardening weight,data/supporting/Fig5_grid_route_classification.csv.gz,hardening grids by country/location
MOZ,water_edge_narrowing_route,66542.17606346664,18,0.13608516121483655,0.0,-0.048036139993717045,978516.4954870513,6.800312142959392,460,160,3365479.718449779,True,Water-edge narrowing,panel_c,percent,hardening weight,data/supporting/Fig5_grid_route_classification.csv.gz,hardening grids by country/location
MYS,built_up_replacement_route,1571600.901617037,390,0.21343387070327918,0.2126475609909636,-0.18873610874100621,39463237.02087346,3.9824429526289573,8850,5172,75343406.19953223,True,Built-up replacement,panel_c,percent,hardening weight,data/supporting/Fig5_grid_route_classification.csv.gz,hardening grids by country/location
MYS,mixed_route,5406693.776404097,772,0.1070461550126198,0.028417472799827148,0.21183372981565818,39463237.02087346,13.700583592634105,8850,5172,75343406.19953223,True,Mixed,panel_c,percent,hardening weight,data/supporting/Fig5_grid_route_classification.csv.gz,hardening grids by country/location
MYS,proximity_only_route,26358488.256296907,2683,0.0510278764285035,0.0,2.1227868257645e-07,39463237.02087346,66.79251436559804,8850,5172,75343406.19953223,True,Proximity-only,panel_c,percent,hardening weight,data/supporting/Fig5_grid_route_classification.csv.gz,hardening grids by country/location
MYS,tidal_flat_loss_route,771515.1976871401,145,0.1331048398976259,0.037984267999415,1.6314381115489773e-07,39463237.02087346,1.955022587931799,8850,5172,75343406.19953223,True,Tidal-flat loss,panel_c,percent,hardening weight,data/supporting/Fig5_grid_route_classification.csv.gz,hardening grids by country/location
MYS,vegetation_buffer_loss_route,2641012.053676641,440,0.12451585016830405,0.02088126521414225,-0.122390729017687,39463237.02087346,6.692335077023,8850,5172,75343406.19953223,True,Vegetation-buffer loss,panel_c,percent,hardening weight,data/supporting/Fig5_grid_route_classification.csv.gz,hardening grids by country/location
MYS,water_edge_narrowing_route,2713926.835191635,448,0.10854546837742116,0.016920492149972148,0.0037813655938364003,39463237.02087346,6.877101424184098,8850,5172,75343406.19953223,True,Water-edge narrowing,panel_c,percent,hardening weight,data/supporting/Fig5_grid_route_classification.csv.gz,hardening grids by country/location
NGA,built_up_replacement_route,552139.549308272,103,0.4470491428048075,0.2594924293352573,-0.3291906479781277,28741655.712899897,1.9210429448588078,4355,3308,37882433.63203351,True,Built-up replacement,panel_c,percent,hardening weight,data/supporting/Fig5_grid_route_classification.csv.gz,hardening grids by country/location
NGA,mixed_route,1975881.9915458842,221,0.238478703821269,0.0211877927112222,0.2223885167515726,28741655.712899897,6.874628279188051,4355,3308,37882433.63203351,True,Mixed,panel_c,percent,hardening weight,data/supporting/Fig5_grid_route_classification.csv.gz,hardening grids by country/location
NGA,proximity_only_route,16655262.828194344,1912,0.09001118762803426,0.0,-0.00745694578213955,28741655.712899897,57.94816761624171,4355,3308,37882433.63203351,True,Proximity-only,panel_c,percent,hardening weight,data/supporting/Fig5_grid_route_classification.csv.gz,hardening grids by country/location
NGA,tidal_flat_loss_route,576504.6530122817,55,0.2489907232545896,0.0126730502138475,0.0067832347180972,28741655.712899897,2.005815735777301,4355,3308,37882433.63203351,True,Tidal-flat loss,panel_c,percent,hardening weight,data/supporting/Fig5_grid_route_classification.csv.gz,hardening grids by country/location
NGA,vegetation_buffer_loss_route,7752305.441272922,801,0.2956951481124806,0.0192822027350906,-0.0966200347733551,28741655.712899897,26.97236901976219,4355,3308,37882433.63203351,True,Vegetation-buffer loss,panel_c,percent,hardening weight,data/supporting/Fig5_grid_route_classification.csv.gz,hardening grids by country/location
NGA,water_edge_narrowing_route,1229561.2495661946,144,0.2622370884918832,0.0240001801768525,-0.13639045499717178,28741655.712899897,4.277976404171942,4355,3308,37882433.63203351,True,Water-edge narrowing,panel_c,percent,hardening weight,data/supporting/Fig5_grid_route_classification.csv.gz,hardening grids by country/location
NZL,built_up_replacement_route,1044313.0143403625,346,0.18661272630743697,0.1570843339477269,-0.19640631560952243,9588810.540074818,10.890954722442709,3801,1952,21168172.380649712,True,Built-up replacement,panel_c,percent,hardening weight,data/supporting/Fig5_grid_route_classification.csv.gz,hardening grids by country/location
NZL,mixed_route,930117.6264619046,178,0.04674948094436815,0.0,0.0463525640988277,9588810.540074818,9.7000313289603,3801,1952,21168172.380649712,True,Mixed,panel_c,percent,hardening weight,data/supporting/Fig5_grid_route_classification.csv.gz,hardening grids by country/location
NZL,proximity_only_route,3510366.460031139,583,0.0268192772074234,0.0,-0.0529186306424804,9588810.540074818,36.60898758360231,3801,1952,21168172.380649712,True,Proximity-only,panel_c,percent,hardening weight,data/supporting/Fig5_grid_route_classification.csv.gz,hardening grids by country/location
NZL,tidal_flat_loss_route,887968.5343537333,117,0.0705569103657779,0.0045919081175424,-0.09025561916934,9588810.540074818,9.260465942492226,3801,1952,21168172.380649712,True,Tidal-flat loss,panel_c,percent,hardening weight,data/supporting/Fig5_grid_route_classification.csv.gz,hardening grids by country/location
NZL,vegetation_buffer_loss_route,3022446.1915719905,468,0.07832330099006454,0.0121945330044029,-0.18875395953293883,9588810.540074818,31.520553867866987,3801,1952,21168172.380649712,True,Vegetation-buffer loss,panel_c,percent,hardening weight,data/supporting/Fig5_grid_route_classification.csv.gz,hardening grids by country/location
NZL,water_edge_narrowing_route,193598.71331568895,34,0.050492047653484695,0.0,-0.014619866444680399,9588810.540074818,2.019006554635486,3801,1952,21168172.380649712,True,Water-edge narrowing,panel_c,percent,hardening weight,data/supporting/Fig5_grid_route_classification.csv.gz,hardening grids by country/location
PAK,built_up_replacement_route,109873.2098631835,20,0.26332250665507045,0.2351771222360656,-0.20976443537515327,5615054.605346155,1.9567611997677103,1701,775,15974821.025808595,True,Built-up replacement,panel_c,percent,hardening weight,data/supporting/Fig5_grid_route_classification.csv.gz,hardening grids by country/location
PAK,mixed_route,608827.0903644703,82,0.08254683826685966,0.00463597035588365,0.06100294040747075,5615054.605346155,10.842763484166285,1701,775,15974821.025808595,True,Mixed,panel_c,percent,hardening weight,data/supporting/Fig5_grid_route_classification.csv.gz,hardening grids by country/location
PAK,proximity_only_route,2837904.681476832,281,0.024761517538906,0.0,-0.0096948594708001,5615054.605346155,50.540998813704,1701,775,15974821.025808595,True,Proximity-only,panel_c,percent,hardening weight,data/supporting/Fig5_grid_route_classification.csv.gz,hardening grids by country/location
PAK,tidal_flat_loss_route,605896.3211096952,121,0.0707313064831757,0.0,-0.274072610238164,5615054.605346155,10.790568635482451,1701,775,15974821.025808595,True,Tidal-flat loss,panel_c,percent,hardening weight,data/supporting/Fig5_grid_route_classification.csv.gz,hardening grids by country/location
PAK,vegetation_buffer_loss_route,933889.0720364124,116,0.1058992415030459,0.00311930311130345,-0.1307572757548238,5615054.605346155,16.631878720239804,1701,775,15974821.025808595,True,Vegetation-buffer loss,panel_c,percent,hardening weight,data/supporting/Fig5_grid_route_classification.csv.gz,hardening grids by country/location
PAK,water_edge_narrowing_route,518664.2304955623,80,0.0692536751925677,0.00033791595200662386,-0.0762740454403916,5615054.605346155,9.237029146639756,1701,775,15974821.025808595,True,Water-edge narrowing,panel_c,percent,hardening weight,data/supporting/Fig5_grid_route_classification.csv.gz,hardening grids by country/location
PHL,built_up_replacement_route,78706.861742537,38,0.23259893632416456,0.25075470118004417,-0.21521034345342416,1559283.7744184085,5.047629112404096,712,468,2630401.523373788,True,Built-up replacement,panel_c,percent,hardening weight,data/supporting/Fig5_grid_route_classification.csv.gz,hardening grids by country/location
PHL,mixed_route,102419.17626430692,26,0.052789219486389746,0.0,0.1783983620367956,1559283.7744184085,6.568347464688259,712,468,2630401.523373788,True,Mixed,panel_c,percent,hardening weight,data/supporting/Fig5_grid_route_classification.csv.gz,hardening grids by country/location
PHL,proximity_only_route,888200.0971670165,222,0.0337966518333595,0.0,0.028722261443418953,1559283.7744184085,56.962056024619564,712,468,2630401.523373788,True,Proximity-only,panel_c,percent,hardening weight,data/supporting/Fig5_grid_route_classification.csv.gz,hardening grids by country/location
PHL,tidal_flat_loss_route,51995.583968566236,10,0.0954069687929104,0.0126166220332801,-0.0205174037793649,1559283.7744184085,3.334581223867341,712,468,2630401.523373788,True,Tidal-flat loss,panel_c,percent,hardening weight,data/supporting/Fig5_grid_route_classification.csv.gz,hardening grids by country/location
PHL,vegetation_buffer_loss_route,345107.1343460401,111,0.0898318445227378,0.0343458875180282,0.002702899016258,1559283.7744184085,22.1324136124459,712,468,2630401.523373788,True,Vegetation-buffer loss,panel_c,percent,hardening weight,data/supporting/Fig5_grid_route_classification.csv.gz,hardening grids by country/location
PHL,water_edge_narrowing_route,92854.92092994168,26,0.0962426382023435,0.03795723945059775,-0.034324532336563254,1559283.7744184085,5.954972561974827,712,468,2630401.523373788,True,Water-edge narrowing,panel_c,percent,hardening weight,data/supporting/Fig5_grid_route_classification.csv.gz,hardening grids by country/location
SGP,built_up_replacement_route,37314.93507669523,7,0.1219992689229991,0.0814498362628995,-0.0750878656531702,768658.1619891297,4.8545552395009794,374,116,2735029.6702836175,True,Built-up replacement,panel_c,percent,hardening weight,data/supporting/Fig5_grid_route_classification.csv.gz,hardening grids by country/location
SGP,mixed_route,40812.60641559405,4,0.1100822882828303,0.05244305033208015,0.031004643507726554,768658.1619891297,5.309591237537814,374,116,2735029.6702836175,True,Mixed,panel_c,percent,hardening weight,data/supporting/Fig5_grid_route_classification.csv.gz,hardening grids by country/location
SGP,proximity_only_route,557630.3080198616,72,0.02781940033360435,0.0,2.090657681363961e-06,768658.1619891297,72.54594247419799,374,116,2735029.6702836175,True,Proximity-only,panel_c,percent,hardening weight,data/supporting/Fig5_grid_route_classification.csv.gz,hardening grids by country/location
SGP,tidal_flat_loss_route,11042.93276943664,1,0.1731213893992406,0.0392321831987043,-0.2421982227368632,768658.1619891297,1.4366506875904101,374,116,2735029.6702836175,True,Tidal-flat loss,panel_c,percent,hardening weight,data/supporting/Fig5_grid_route_classification.csv.gz,hardening grids by country/location
SGP,vegetation_buffer_loss_route,45096.334062382564,6,0.0601873421564936,0.04833365500077945,-0.0772491926171204,768658.1619891297,5.866890679425363,374,116,2735029.6702836175,True,Vegetation-buffer loss,panel_c,percent,hardening weight,data/supporting/Fig5_grid_route_classification.csv.gz,hardening grids by country/location
SGP,water_edge_narrowing_route,76761.04564515971,11,0.0493565010989156,0.0,-0.0329970210252333,768658.1619891297,9.986369681747458,374,116,2735029.6702836175,True,Water-edge narrowing,panel_c,percent,hardening weight,data/supporting/Fig5_grid_route_classification.csv.gz,hardening grids by country/location
THA,built_up_replacement_route,995059.6477391602,401,0.2809927510510038,0.2689303094163066,-0.2323905783744405,12906012.252913587,7.710047288344402,3906,2678,20340311.738271564,True,Built-up replacement,panel_c,percent,hardening weight,data/supporting/Fig5_grid_route_classification.csv.gz,hardening grids by country/location
THA,mixed_route,1850393.661906638,315,0.1023897395240764,0.0381576832380938,0.1833176338223872,12906012.252913587,14.337454712154823,3906,2678,20340311.738271564,True,Mixed,panel_c,percent,hardening weight,data/supporting/Fig5_grid_route_classification.csv.gz,hardening grids by country/location
THA,proximity_only_route,5522534.757652427,872,0.0377662832321211,0.0,-1.1102230246251563e-16,12906012.252913587,42.790403801187246,3906,2678,20340311.738271564,True,Proximity-only,panel_c,percent,hardening weight,data/supporting/Fig5_grid_route_classification.csv.gz,hardening grids by country/location
THA,tidal_flat_loss_route,702318.2238731561,148,0.1154093305787703,0.0381575381214104,-0.05917052896180375,12906012.252913587,5.441791082405062,3906,2678,20340311.738271564,True,Tidal-flat loss,panel_c,percent,hardening weight,data/supporting/Fig5_grid_route_classification.csv.gz,hardening grids by country/location
THA,vegetation_buffer_loss_route,2666061.1879284796,549,0.0897100013961629,0.0374615286744572,-0.1022536065522758,12906012.252913587,20.65751322471126,3906,2678,20340311.738271564,True,Vegetation-buffer loss,panel_c,percent,hardening weight,data/supporting/Fig5_grid_route_classification.csv.gz,hardening grids by country/location
THA,water_edge_narrowing_route,1169644.7738137264,262,0.10167520951907111,0.0259015111292707,-0.0412693167963284,12906012.252913587,9.062789891197214,3906,2678,20340311.738271564,True,Water-edge narrowing,panel_c,percent,hardening weight,data/supporting/Fig5_grid_route_classification.csv.gz,hardening grids by country/location
USA,built_up_replacement_route,4126474.4958730736,753,0.1645564124656131,0.1350114560694084,-0.1299793348615833,78005938.05745669,5.289949199551506,23277,10482,216888498.2527449,True,Built-up replacement,panel_c,percent,hardening weight,data/supporting/Fig5_grid_route_classification.csv.gz,hardening grids by country/location
USA,mixed_route,7808737.665775876,863,0.0416211358105141,0.0,0.0849891855547253,78005938.05745669,10.010440051402508,23277,10482,216888498.2527449,True,Mixed,panel_c,percent,hardening weight,data/supporting/Fig5_grid_route_classification.csv.gz,hardening grids by country/location
USA,proximity_only_route,50134421.65871095,5338,0.0396739123465117,0.0,0.0027845855610776496,78005938.05745669,64.27000675484926,23277,10482,216888498.2527449,True,Proximity-only,panel_c,percent,hardening weight,data/supporting/Fig5_grid_route_classification.csv.gz,hardening grids by country/location
USA,tidal_flat_loss_route,1559401.6310025812,208,0.07222830876132115,0.01398104555441125,-0.0062687356206888,78005938.05745669,1.9990806723636547,23277,10482,216888498.2527449,True,Tidal-flat loss,panel_c,percent,hardening weight,data/supporting/Fig5_grid_route_classification.csv.gz,hardening grids by country/location
USA,vegetation_buffer_loss_route,10793815.519043362,1328,0.0651267055658697,0.0,-0.1505706076575592,78005938.05745669,13.837171615182656,23277,10482,216888498.2527449,True,Vegetation-buffer loss,panel_c,percent,hardening weight,data/supporting/Fig5_grid_route_classification.csv.gz,hardening grids by country/location
USA,water_edge_narrowing_route,3583087.0870508435,471,0.0665975128516719,0.001475984056498,-1.3459050318687105e-08,78005938.05745669,4.593351706650403,23277,10482,216888498.2527449,True,Water-edge narrowing,panel_c,percent,hardening weight,data/supporting/Fig5_grid_route_classification.csv.gz,hardening grids by country/location
