GU_A3,country_weighted_mean_pMEHI,soft_buffer_to_built_share_changed_area,total_weight_m2,hardening_weight_m2,n_grid,built_up_replacement_route_percent,panel,units,weighting,source_table,filters
AUS,-0.034063306608274814,0.02134701226454505,67388873.19733137,20673431.915020287,8058,8.331355504777495,panel_d,weighted mean and percent,persistent-grid weight,data/supporting/Fig5_grid_route_classification.csv.gz,country/location aggregation
BHR,-0.03203343679950671,0.017818788122589097,162178.02476347255,42469.42026291638,36,0.0,panel_d,weighted mean and percent,persistent-grid weight,data/supporting/Fig5_grid_route_classification.csv.gz,country/location aggregation
BRA,-0.043586331046254034,0.009247359521407577,81957181.34465846,14775723.371652458,8637,5.2044445146210325,panel_d,weighted mean and percent,persistent-grid weight,data/supporting/Fig5_grid_route_classification.csv.gz,country/location aggregation
CHN,0.0012110077754777825,0.020574449469630333,4177186.684866157,1608716.718878802,813,5.307422605559273,panel_d,weighted mean and percent,persistent-grid weight,data/supporting/Fig5_grid_route_classification.csv.gz,country/location aggregation
COL,1.9165683441105057e-05,0.00455568682673037,21311400.18068649,7688609.315166658,2171,1.376085611244649,panel_d,weighted mean and percent,persistent-grid weight,data/supporting/Fig5_grid_route_classification.csv.gz,country/location aggregation
GHA,-0.05681600594273448,0.002679394643971043,143235.042073966,7264.855935504118,50,0.0,panel_d,weighted mean and percent,persistent-grid weight,data/supporting/Fig5_grid_route_classification.csv.gz,country/location aggregation
GIN,-0.03921255525987801,0.0017000218590741117,41125454.7757118,9376744.853641251,4771,0.4329060723489635,panel_d,weighted mean and percent,persistent-grid weight,data/supporting/Fig5_grid_route_classification.csv.gz,country/location aggregation
IDN,0.017428336715050622,0.018797514025638562,23380605.26643712,12174289.188956864,3889,3.912098261625884,panel_d,weighted mean and percent,persistent-grid weight,data/supporting/Fig5_grid_route_classification.csv.gz,country/location aggregation
IND,-0.1210209795190536,0.004550338463373857,18901691.03637856,1190216.6113314577,3397,4.0294022642084055,panel_d,weighted mean and percent,persistent-grid weight,data/supporting/Fig5_grid_route_classification.csv.gz,country/location aggregation
MEX,0.06664191157409732,0.04103875205963918,1753894.3367943,1449079.3490803307,247,8.308295420330975,panel_d,weighted mean and percent,persistent-grid weight,data/supporting/Fig5_grid_route_classification.csv.gz,country/location aggregation
MOZ,-0.012014466880080758,0.009320155211029604,3365479.718449778,978516.4954870514,460,1.4205263131957573,panel_d,weighted mean and percent,persistent-grid weight,data/supporting/Fig5_grid_route_classification.csv.gz,country/location aggregation
MYS,0.022598051773119465,0.01887655640927256,75343406.19953223,39463237.02087346,8850,3.9824429526289573,panel_d,weighted mean and percent,persistent-grid weight,data/supporting/Fig5_grid_route_classification.csv.gz,country/location aggregation
NGA,0.13635024227288958,0.016206399010329758,37882433.63203351,28741655.7128999,4355,1.9210429448588078,panel_d,weighted mean and percent,persistent-grid weight,data/supporting/Fig5_grid_route_classification.csv.gz,country/location aggregation
NZL,0.010707675877133055,0.05244226825851802,21168172.380649712,9588810.540074818,3801,10.890954722442709,panel_d,weighted mean and percent,persistent-grid weight,data/supporting/Fig5_grid_route_classification.csv.gz,country/location aggregation
PAK,-0.010310847217975328,0.006270953346241323,15974821.025808597,5615054.605346156,1701,1.9567611997677103,panel_d,weighted mean and percent,persistent-grid weight,data/supporting/Fig5_grid_route_classification.csv.gz,country/location aggregation
PHL,0.02725283234739061,0.031681586981385595,2630401.5233737887,1559283.7744184085,712,5.047629112404096,panel_d,weighted mean and percent,persistent-grid weight,data/supporting/Fig5_grid_route_classification.csv.gz,country/location aggregation
SGP,-0.031329723710014114,0.01281781336936186,2735029.6702836175,768658.1619891297,374,4.8545552395009794,panel_d,weighted mean and percent,persistent-grid weight,data/supporting/Fig5_grid_route_classification.csv.gz,country/location aggregation
THA,0.04227543397527484,0.04575204672427449,20340311.738271564,12906012.252913587,3906,7.710047288344402,panel_d,weighted mean and percent,persistent-grid weight,data/supporting/Fig5_grid_route_classification.csv.gz,country/location aggregation
USA,-0.0042566008208778415,0.016610083165486386,216888498.25274494,78005938.05745667,23277,5.289949199551506,panel_d,weighted mean and percent,persistent-grid weight,data/supporting/Fig5_grid_route_classification.csv.gz,country/location aggregation
