group,metric,n_grid,total_weight_m2,weighted_mean,weighted_median,weighted_q25,weighted_q75,weighted_q05,weighted_q95,unweighted_median,panel,units,weighting,source_table,filters
hardening,pMEHI,32242,246613712.22138515,0.09806896293039527,0.0597239086489859,0.0232378209072476,0.1355631789868477,0.0073867425349027,0.3106361767212144,0.0669499655811242,panel_b,area-weighted values,area-weighted median and IQR,data/supporting/Fig5_grid_route_classification.csv.gz,endpoint groups
hardening,delta_built_share,32242,246613712.22138515,0.018449918145494928,0.0,0.0,0.0,0.0,0.1236682802313085,0.0,panel_b,area-weighted values,area-weighted median and IQR,data/supporting/Fig5_grid_route_classification.csv.gz,endpoint groups
hardening,delta_soft_share,32242,246613712.22138515,-0.024374083562014603,-0.0128956882969552,-0.1166476342521632,0.0618068877781574,-0.3805083805788642,0.3277193544473705,-0.030042645031374847,panel_b,area-weighted values,area-weighted median and IQR,data/supporting/Fig5_grid_route_classification.csv.gz,endpoint groups
hardening,negative_delta_soft_share,32242,246613712.22138515,0.024374083562014603,0.0128956882969552,-0.0618068877781574,0.1166476342521632,-0.3277193544473705,0.3805083805788642,0.030042645031374847,panel_b,area-weighted values,area-weighted median and IQR,data/supporting/Fig5_grid_route_classification.csv.gz,endpoint groups
hardening,delta_tidalflat_share,32242,246613712.22138515,-0.0029630606528791782,0.0,0.0,0.0,-0.115077099677728,0.0971411095902139,0.0,panel_b,area-weighted values,area-weighted median and IQR,data/supporting/Fig5_grid_route_classification.csv.gz,endpoint groups
hardening,delta_nonmangroveveg_share,32242,246613712.22138515,-0.021201578991830786,-0.0045802638339815,-0.0915359334074335,0.0398589470352895,-0.3391266140459896,0.2950662516265116,-0.0124869761916618,panel_b,area-weighted values,area-weighted median and IQR,data/supporting/Fig5_grid_route_classification.csv.gz,endpoint groups
hardening,delta_water_share,32242,246613712.22138515,-0.00020944391730457954,0.0,-0.0102705756945299,0.0189548981417135,-0.174957963323492,0.1607514095107691,0.0,panel_b,area-weighted values,area-weighted median and IQR,data/supporting/Fig5_grid_route_classification.csv.gz,endpoint groups
hardening,soft_to_built_share_of_changed,32242,246613712.22138515,0.04013991182179752,0.0,0.0,0.0,0.0,0.2947715600562043,0.0,panel_b,area-weighted values,area-weighted median and IQR,data/supporting/Fig5_grid_route_classification.csv.gz,endpoint groups
hardening,soft_to_built_share_of_observed,32242,246613712.22138515,0.01317055011083168,0.0,0.0,0.0,0.0,0.0860765098294835,0.0,panel_b,area-weighted values,area-weighted median and IQR,data/supporting/Fig5_grid_route_classification.csv.gz,endpoint groups
hardening,built_gain_share_of_observed,32242,246613712.22138515,0.021187110168311388,0.0,0.0,0.0,0.0,0.1394402220791887,0.0,panel_b,area-weighted values,area-weighted median and IQR,data/supporting/Fig5_grid_route_classification.csv.gz,endpoint groups
near_neutral,pMEHI,11877,113026383.06984873,-5.4829031456372825e-05,0.0,-6.53642288846179e-06,2.4999957548565988e-08,-0.0039565906914649,0.0037997162474435,0.0,panel_b,area-weighted values,area-weighted median and IQR,data/supporting/Fig5_grid_route_classification.csv.gz,endpoint groups
near_neutral,delta_built_share,11877,113026383.06984873,-4.251013837979745e-05,0.0,0.0,0.0,0.0,0.0,0.0,panel_b,area-weighted values,area-weighted median and IQR,data/supporting/Fig5_grid_route_classification.csv.gz,endpoint groups
near_neutral,delta_soft_share,11877,113026383.06984873,-0.021263308448492408,-4.037049694538553e-07,-0.0793245561822978,0.0399015709731372,-0.3273863035443782,0.2430848523146584,-1.5147202545029437e-07,panel_b,area-weighted values,area-weighted median and IQR,data/supporting/Fig5_grid_route_classification.csv.gz,endpoint groups
near_neutral,negative_delta_soft_share,11877,113026383.06984873,0.021263308448492408,4.037049694538553e-07,-0.0399015709731372,0.0793245561822978,-0.2430848523146584,0.3273863035443782,1.5147202545029437e-07,panel_b,area-weighted values,area-weighted median and IQR,data/supporting/Fig5_grid_route_classification.csv.gz,endpoint groups
near_neutral,delta_tidalflat_share,11877,113026383.06984873,-0.0014704438533512652,0.0,0.0,0.0,-0.1117554089515362,0.1028956132090218,0.0,panel_b,area-weighted values,area-weighted median and IQR,data/supporting/Fig5_grid_route_classification.csv.gz,endpoint groups
near_neutral,delta_nonmangroveveg_share,11877,113026383.06984873,-0.024469528173104944,0.0,-0.0685078130569393,0.0198861248783701,-0.2896937798397703,0.1994429455537428,0.0,panel_b,area-weighted values,area-weighted median and IQR,data/supporting/Fig5_grid_route_classification.csv.gz,endpoint groups
near_neutral,delta_water_share,11877,113026383.06984873,0.004676663577963861,0.0,-0.0037423799464858,0.0175006176531941,-0.1329237423295031,0.147084746700878,0.0,panel_b,area-weighted values,area-weighted median and IQR,data/supporting/Fig5_grid_route_classification.csv.gz,endpoint groups
near_neutral,soft_to_built_share_of_changed,11877,113026383.06984873,0.0012715397909750295,0.0,0.0,0.0,0.0,0.0,0.0,panel_b,area-weighted values,area-weighted median and IQR,data/supporting/Fig5_grid_route_classification.csv.gz,endpoint groups
near_neutral,soft_to_built_share_of_observed,11877,113026383.06984873,0.00039220203436524624,0.0,0.0,0.0,0.0,0.0,0.0,panel_b,area-weighted values,area-weighted median and IQR,data/supporting/Fig5_grid_route_classification.csv.gz,endpoint groups
near_neutral,built_gain_share_of_observed,11877,113026383.06984873,0.0005316795310413618,0.0,0.0,0.0,0.0,0.0,0.0,panel_b,area-weighted values,area-weighted median and IQR,data/supporting/Fig5_grid_route_classification.csv.gz,endpoint groups
softening,pMEHI,35386,296990158.739614,-0.08962652340731365,-0.0632470235472508,-0.1281919809848728,-0.0247606625916869,-0.2477916696429732,-0.0075147511436429,-0.06710582862024239,panel_b,area-weighted values,area-weighted median and IQR,data/supporting/Fig5_grid_route_classification.csv.gz,endpoint groups
softening,delta_built_share,35386,296990158.739614,-0.013288244099843012,0.0,0.0,0.0,-0.0860753401834047,0.0,0.0,panel_b,area-weighted values,area-weighted median and IQR,data/supporting/Fig5_grid_route_classification.csv.gz,endpoint groups
softening,delta_soft_share,35386,296990158.739614,-0.05332809320645874,-0.0290269403847537,-0.1432456692450106,0.038487821108867,-0.4297014979685087,0.2605947708268337,-0.02726741714672325,panel_b,area-weighted values,area-weighted median and IQR,data/supporting/Fig5_grid_route_classification.csv.gz,endpoint groups
softening,negative_delta_soft_share,35386,296990158.739614,0.05332809320645874,0.0290269403847537,-0.038487821108867,0.1432456692450106,-0.2605947708268337,0.4297014979685087,0.02726741714672325,panel_b,area-weighted values,area-weighted median and IQR,data/supporting/Fig5_grid_route_classification.csv.gz,endpoint groups
softening,delta_tidalflat_share,35386,296990158.739614,-0.005699040607817875,0.0,0.0,0.0,-0.108910193389589,0.0722296520956708,0.0,panel_b,area-weighted values,area-weighted median and IQR,data/supporting/Fig5_grid_route_classification.csv.gz,endpoint groups
softening,delta_nonmangroveveg_share,35386,296990158.739614,-0.048044435852611735,-0.0217897834657022,-0.1246548990178762,0.0281145003035577,-0.3922273644386965,0.235375234344614,-0.01829744318842735,panel_b,area-weighted values,area-weighted median and IQR,data/supporting/Fig5_grid_route_classification.csv.gz,endpoint groups
softening,delta_water_share,35386,296990158.739614,0.00041538325397063886,0.0,-0.0026235309837402,0.0017504892571267,-0.1362191712389313,0.1340739521296855,0.0,panel_b,area-weighted values,area-weighted median and IQR,data/supporting/Fig5_grid_route_classification.csv.gz,endpoint groups
softening,soft_to_built_share_of_changed,35386,296990158.739614,0.0031540568713200783,0.0,0.0,0.0,0.0,0.0,0.0,panel_b,area-weighted values,area-weighted median and IQR,data/supporting/Fig5_grid_route_classification.csv.gz,endpoint groups
softening,soft_to_built_share_of_observed,35386,296990158.739614,0.0011009443564576067,0.0,0.0,0.0,0.0,0.0,0.0,panel_b,area-weighted values,area-weighted median and IQR,data/supporting/Fig5_grid_route_classification.csv.gz,endpoint groups
softening,built_gain_share_of_observed,35386,296990158.739614,0.0018781708379975442,0.0,0.0,0.0,0.0,0.0,0.0,panel_b,area-weighted values,area-weighted median and IQR,data/supporting/Fig5_grid_route_classification.csv.gz,endpoint groups
all_valid,weighted_spearman_pMEHI_vs_delta_built_share,79505,,0.5051384691441123,,,,,,rho_unweighted=0.5753620021882857; p_unweighted=0.0,panel_b,area-weighted values,area-weighted median and IQR,data/supporting/Fig5_grid_route_classification.csv.gz,endpoint groups
all_valid,weighted_spearman_pMEHI_vs_negative_delta_soft_share,79505,,-0.04293336548100071,,,,,,rho_unweighted=0.020264444459290844; p_unweighted=1.1009984768125099e-08,panel_b,area-weighted values,area-weighted median and IQR,data/supporting/Fig5_grid_route_classification.csv.gz,endpoint groups
all_valid,weighted_spearman_pMEHI_vs_soft_to_built_share_of_changed,79505,,0.28758269548604415,,,,,,rho_unweighted=0.3247801843614307; p_unweighted=0.0,panel_b,area-weighted values,area-weighted median and IQR,data/supporting/Fig5_grid_route_classification.csv.gz,endpoint groups
