lon_bin,lat_bin,weighted_sum,external_support_m2,n_neighbourhoods,Delta_sMEHI,SSP,year
-96.25,19.25,7454.135362638231,3902059.1104109082,296,0.0019103081608246753,SSP2,2100
-82.75,27.25,1635939.4007782722,13069880.799750423,963,0.1251686550048346,SSP2,2100
-82.75,27.75,5523084.240437835,52500734.83414897,4266,0.10520013211025303,SSP2,2100
-82.75,28.25,2194078.1563792443,22226478.484326806,1707,0.09871461005063926,SSP2,2100
-82.25,26.25,265812.3432396964,3108781.57346807,178,0.08550370521630556,SSP2,2100
-82.25,26.75,7114306.177338757,83844496.686854,7053,0.08485120023929024,SSP2,2100
-82.25,27.25,306328.8843856262,1869309.6027567042,120,0.16387273886245354,SSP2,2100
-82.25,27.75,2282062.57241091,20071274.78661441,1648,0.11369793880420709,SSP2,2100
-81.75,25.75,939399.0835407062,14604505.553437328,1602,0.06432255307127521,SSP2,2100
-81.75,26.25,5192722.12996811,63339620.19380146,5757,0.0819822113564912,SSP2,2100
-81.75,26.75,1558383.4086227855,14234059.550122235,1085,0.10948270963285403,SSP2,2100
-81.75,27.25,108013.63500933108,1209055.9550079105,106,0.08933716802926989,SSP2,2100
-81.25,29.25,362537.47280951636,3105460.0131081864,237,0.11674195490498704,SSP2,2100
-81.25,29.75,76208.23966803153,459446.7638382831,28,0.16586957546806325,SSP2,2100
-80.75,27.75,109580.96945391357,582335.9869157337,39,0.18817481989099596,SSP2,2100
-80.75,29.25,1063209.571717746,10162157.386243565,930,0.10462439532347775,SSP2,2100
-80.25,25.25,76562.28099580287,1030868.6980588208,102,0.07426967288848096,SSP2,2100
-80.25,25.75,1758451.8768364629,17146157.889131185,1503,0.10255661286958823,SSP2,2100
-80.25,26.25,833439.1718930936,6343045.760905903,497,0.13139416036217644,SSP2,2100
-80.25,26.75,988945.1956361482,7662934.67471503,520,0.12905567352666036,SSP2,2100
-80.25,27.25,2689667.6791588003,21356170.60904283,1762,0.12594335044410612,SSP2,2100
-80.25,27.75,2155872.9751817943,22819921.402586896,2002,0.09447328661427386,SSP2,2100
-74.75,10.75,457231.67199690605,11524796.731457677,1098,0.03967372984105331,SSP2,2100
-74.75,11.25,879118.0033470142,20911297.713615168,2146,0.042040337017182246,SSP2,2100
-48.75,-27.75,430285.917608907,4633462.030986135,456,0.09286488477328252,SSP2,2100
-48.75,-27.25,66613.3521676239,590527.3133778755,41,0.11280316872489579,SSP2,2100
-48.75,-26.25,1565153.9391043459,29324953.295800854,2521,0.05337276834907921,SSP2,2100
-48.75,-1.25,90498.5126282957,2791881.032713788,228,0.03241488858869053,SSP2,2100
-48.25,-1.25,1757817.0368244476,33574657.43971502,2367,0.05235547198004019,SSP2,2100
-43.75,-23.25,953908.1633839821,10192282.624601508,1098,0.09359121980011592,SSP2,2100
-43.75,-22.75,953422.3822118553,10527359.242815636,891,0.0905661486628297,SSP2,2100
-43.25,-22.75,976545.990086035,16030387.958339691,1625,0.06091842521989582,SSP2,2100
-42.75,-22.75,86715.67649308356,6113908.285978769,834,0.014183345977228924,SSP2,2100
-40.25,-20.25,1055909.9054210514,12396554.12970468,1207,0.08517769489594493,SSP2,2100
-38.75,-3.75,480978.2098034717,5181409.166826035,488,0.09282768341920071,SSP2,2100
-38.25,-12.75,124149.24868660237,955953.4174045401,68,0.1298695589411392,SSP2,2100
-38.25,-3.75,514187.1079419061,4467989.162929815,412,0.11508244294951149,SSP2,2100
-13.75,9.75,163986.14053856878,62926625.363931745,5736,0.0026059897474267272,SSP2,2100
-13.25,9.75,67194.27117117101,24834305.99603728,1811,0.0027057036013767794,SSP2,2100
-0.25,5.75,21.034913494297765,3882836.277820138,213,5.417409334113611e-06,SSP2,2100
6.75,4.75,1860435.0352803548,32991272.79372801,3100,0.05639173265343201,SSP2,2100
7.25,4.75,1782397.614509379,26426831.16624711,2622,0.06744651310240683,SSP2,2100
32.25,-25.75,920646.9432132526,2562420.187206391,170,0.35928804643744355,SSP2,2100
32.75,-25.75,1922849.86385142,7779075.203105061,653,0.24718232098899157,SSP2,2100
50.75,26.25,0.0,1091114.3755561784,66,0.0,SSP2,2100
66.75,24.75,54148.743926121475,7381984.105885461,667,0.00733525609774073,SSP2,2100
67.25,24.75,149614.9480232054,17977241.900704354,1731,0.00832246397136946,SSP2,2100
72.75,18.75,29989.59489906024,4812571.155427117,326,0.0062315119985792,SSP2,2100
72.75,19.25,1103121.086760709,71551012.00452785,5799,0.015417267427201476,SSP2,2100
72.75,21.75,24440.419644027254,2257685.863781297,152,0.010825429718150906,SSP2,2100
73.25,18.75,60799.766830858694,3336075.38146232,238,0.018224937952153828,SSP2,2100
73.25,19.25,358871.7672933676,21629656.107745275,1522,0.016591653861979833,SSP2,2100
98.75,3.75,3608441.2327218005,34295253.09377065,3022,0.10521692966824127,SSP2,2100
100.25,5.25,5214033.761444679,22415432.115292765,1454,0.23260911208967697,SSP2,2100
100.25,5.75,2653891.200348161,14018958.874468165,1322,0.1893072962202296,SSP2,2100
100.25,13.25,6890200.389240256,24284891.204159737,1508,0.283723749524562,SSP2,2100
100.25,13.75,6830354.466434672,23947263.578691114,1429,0.2852248418275437,SSP2,2100
100.75,5.75,39352.60751794557,134655.41272816842,7,0.29224675577941656,SSP2,2100
100.75,13.25,5069395.547061618,20381292.652582634,1333,0.24872787185160433,SSP2,2100
100.75,13.75,8061283.080792133,31331779.47195057,1941,0.2572877511795622,SSP2,2100
101.25,2.75,3639248.6529378784,19298784.63966388,1392,0.1885739812577784,SSP2,2100
101.25,3.25,2820237.1203573267,14384142.424908519,1212,0.19606571160430256,SSP2,2100
101.25,12.75,506564.11985467456,1490154.529792286,94,0.3399406636876009,SSP2,2100
101.25,13.25,560109.6802302115,2014499.002705164,123,0.2780391945977982,SSP2,2100
101.25,13.75,326337.95630867913,1598429.8572227776,113,0.20416157445637387,SSP2,2100
102.25,6.25,1470686.4616027833,5581091.841276428,397,0.2635123204255368,SSP2,2100
103.25,1.25,5068.687523744246,28304.746107488496,5,0.17907553399333406,SSP2,2100
103.25,3.75,1846137.2492697847,8781774.726989066,636,0.2102237083804989,SSP2,2100
103.75,1.25,10855829.757669041,52795621.81754583,4282,0.20561988634559977,SSP2,2100
103.75,1.75,835415.2523735418,5013818.734854502,384,0.16662254791263115,SSP2,2100
104.25,1.25,96341.6981177594,1167071.6161476814,124,0.0825499453373462,SSP2,2100
104.25,1.75,188593.24819385316,1747569.5237943258,174,0.1079174508516143,SSP2,2100
106.75,-6.25,277396.14261187677,1811484.7145650303,129,0.15313192564171568,SSP2,2100
110.25,-6.75,935082.5856168554,7261867.6838298,394,0.12876612826463768,SSP2,2100
112.75,-7.25,4077678.489099369,34611527.807712145,2299,0.11781272735931582,SSP2,2100
113.25,23.25,326946.3903392711,1075560.3160328073,66,0.30397773650222554,SSP2,2100
113.75,22.25,566627.3895431322,2196038.5897280658,149,0.25802251025711587,SSP2,2100
113.75,22.75,709797.894276203,2382617.8232388087,141,0.2979067340776206,SSP2,2100
114.25,22.25,1439727.425519342,5232942.915450122,379,0.2751276764874667,SSP2,2100
114.25,22.75,465957.0853437148,2541816.347909409,202,0.18331658214683952,SSP2,2100
115.25,-8.75,1312037.5459969463,9027543.795167778,752,0.14533715656956964,SSP2,2100
116.25,5.75,101645.03190116327,331204.64192133554,26,0.3068949496345072,SSP2,2100
116.25,6.25,4282871.501264663,19335074.15236847,1460,0.221507891178169,SSP2,2100
117.75,24.25,892492.3762788764,3523535.250364914,236,0.25329457855897586,SSP2,2100
118.75,24.75,1044148.0427297507,4437772.6363919545,314,0.2352865115637549,SSP2,2100
118.75,25.25,258034.15295659794,809224.0749780785,42,0.31886613477680825,SSP2,2100
119.25,-5.25,1317610.4710973871,8276566.391220473,499,0.15919771663948323,SSP2,2100
119.25,25.25,556282.2593605751,2333288.195367212,144,0.23841129461207755,SSP2,2100
119.75,26.25,176910.36601090664,990308.0944425737,60,0.17864174493139556,SSP2,2100
120.75,14.25,661307.0195072027,1490840.2535808783,93,0.4435800669580771,SSP2,2100
120.75,14.75,6437110.499227539,13544365.907238942,733,0.47526111914823205,SSP2,2100
120.75,24.75,112597.89973863447,338908.11261745304,23,0.3322372511800295,SSP2,2100
120.75,27.75,137645.033033261,690424.6067564376,51,0.19936287276884135,SSP2,2100
121.25,25.25,1413133.5116971224,4979617.07115777,317,0.2837835704038516,SSP2,2100
121.75,25.25,145013.0802458643,422253.7400456988,22,0.3434263962473609,SSP2,2100
138.25,-34.75,11052.253919795645,588190.9549618972,59,0.018790248007998705,SSP2,2100
138.75,-34.75,418635.5028947939,11206698.13274495,1076,0.03735582933848992,SSP2,2100
146.75,-19.25,453889.0474972357,7299223.118220031,545,0.062183199519446924,SSP2,2100
150.75,-33.75,66468.17375335789,868732.7117230025,49,0.07651165065665379,SSP2,2100
151.25,-34.25,315917.68906372617,7758570.2301714625,655,0.04071854474361631,SSP2,2100
151.25,-33.75,823184.288943113,13363418.104066199,859,0.06159983041259749,SSP2,2100
151.75,-33.25,83804.99110769047,1447855.8381070388,97,0.05788213778055356,SSP2,2100
151.75,-32.75,672897.1663927597,17466528.066061016,1495,0.03852495263212941,SSP2,2100
152.75,-27.25,1016.4703189911501,34782.04649165332,2,0.029223994029076855,SSP2,2100
153.25,-27.75,1561030.591242518,34269608.41255363,2524,0.04555145691920664,SSP2,2100
153.25,-27.25,2075133.9696959148,42258611.23529191,3292,0.04910558840047457,SSP2,2100
174.75,-37.25,225975.51996687736,18288154.067502353,1212,0.01235638759017406,SSP2,2100
174.75,-36.75,696571.9914255133,52361088.857609786,3511,0.013303237320365207,SSP2,2100
-96.25,19.25,4.392687886844061,3902059.1104109082,296,1.1257358647192525e-06,SSP5,2100
-82.75,27.25,3100692.0853849156,13069880.799750423,963,0.2372395076047002,SSP5,2100
-82.75,27.75,10730959.108039083,52500734.83414897,4266,0.20439636020216534,SSP5,2100
-82.75,28.25,4268540.932938739,22226478.484326806,1707,0.19204755876864332,SSP5,2100
-82.25,26.25,530413.0492385023,3108781.57346807,178,0.17061766377069337,SSP5,2100
-82.25,26.75,13637324.669775171,83844496.686854,7053,0.16265020613944922,SSP5,2100
-82.25,27.25,571967.5972525871,1869309.6027567042,120,0.3059779912375651,SSP5,2100
-82.25,27.75,4360416.595848888,20071274.78661441,1648,0.2172466194701725,SSP5,2100
-81.75,25.75,1746058.272877979,14604505.553437328,1602,0.11955613741863554,SSP5,2100
-81.75,26.25,10128825.95856345,63339620.19380146,5757,0.15991295697025157,SSP5,2100
-81.75,26.75,3097834.9314717143,14234059.550122235,1085,0.21763537805664945,SSP5,2100
-81.75,27.25,216108.23928183605,1209055.9550079105,106,0.1787413050543406,SSP5,2100
-81.25,29.25,705110.9998038536,3105460.0131081864,237,0.22705525005235005,SSP5,2100
-81.25,29.75,137223.53857727372,459446.7638382831,28,0.2986712485052434,SSP5,2100
-80.75,27.75,194529.310299003,582335.9869157337,39,0.334049955128657,SSP5,2100
-80.75,29.25,2103753.836476701,10162157.386243565,930,0.2070184269458901,SSP5,2100
-80.25,25.25,162681.1266009082,1030868.6980588208,102,0.1578097452248237,SSP5,2100
-80.25,25.75,3461435.888798964,17146157.889131185,1503,0.20187822316701873,SSP5,2100
-80.25,26.25,1599772.1000013978,6343045.760905903,497,0.25220882211843304,SSP5,2100
-80.25,26.75,1812918.9488817663,7662934.67471503,520,0.236582853154648,SSP5,2100
-80.25,27.25,5152275.783972172,21356170.60904283,1762,0.24125466490657024,SSP5,2100
-80.25,27.75,4252088.88454506,22819921.402586896,2002,0.18633231944712297,SSP5,2100
-74.75,10.75,411613.261608332,11524796.731457677,1098,0.035715446545344004,SSP5,2100
-74.75,11.25,786138.5999814355,20911297.713615168,2146,0.03759396526929017,SSP5,2100
-48.75,-27.75,718793.9495081506,4633462.030986135,456,0.15513107579197544,SSP5,2100
-48.75,-27.25,108421.41290972987,590527.3133778755,41,0.18360101294815392,SSP5,2100
-48.75,-26.25,2558008.1960733286,29324953.295800854,2521,0.08722974492987919,SSP5,2100
-48.75,-1.25,144531.86074958663,2791881.032713788,228,0.051768631634385054,SSP5,2100
-48.25,-1.25,2892775.962866496,33574657.43971502,2367,0.08615950789849815,SSP5,2100
-43.75,-23.25,1552653.5207408601,10192282.624601508,1098,0.15233619179605168,SSP5,2100
-43.75,-22.75,1531903.3180077055,10527359.242815636,891,0.14551639045215906,SSP5,2100
-43.25,-22.75,1617776.8725075144,16030387.958339691,1625,0.10091938365508353,SSP5,2100
-42.75,-22.75,135515.11803589325,6113908.285978769,834,0.022165055754381303,SSP5,2100
-40.25,-20.25,1750818.5595395598,12396554.12970468,1207,0.14123429311249006,SSP5,2100
-38.75,-3.75,809958.184717721,5181409.166826035,488,0.15632005862487702,SSP5,2100
-38.25,-12.75,210196.4107492787,955953.4174045401,68,0.21988143660804327,SSP5,2100
-38.25,-3.75,846816.1690746088,4467989.162929815,412,0.18952959333485092,SSP5,2100
-13.75,9.75,2043782.3210125654,62926625.363931745,5736,0.03247881654534139,SSP5,2100
-13.25,9.75,852267.2098271125,24834305.99603728,1811,0.03431814079938879,SSP5,2100
-0.25,5.75,0.0,3882836.277820138,213,0.0,SSP5,2100
6.75,4.75,3274973.2077591172,32991272.79372801,3100,0.09926786481489507,SSP5,2100
7.25,4.75,3182788.121799346,26426831.16624711,2622,0.12043775138142435,SSP5,2100
32.25,-25.75,1196042.3744652485,2562420.187206391,170,0.46676278170021807,SSP5,2100
32.75,-25.75,2450087.3056154717,7779075.203105061,653,0.3149586861735834,SSP5,2100
50.75,26.25,203257.58584451198,1091114.3755561784,66,0.1862843991409284,SSP5,2100
66.75,24.75,81570.45185954597,7381984.105885461,667,0.011049935991397218,SSP5,2100
67.25,24.75,213530.39887391476,17977241.900704354,1731,0.011877817523585115,SSP5,2100
72.75,18.75,102112.48840339755,4812571.155427117,326,0.02121786569082635,SSP5,2100
72.75,19.25,3279189.745677721,71551012.00452785,5799,0.04583009595266394,SSP5,2100
72.75,21.75,93580.59667276373,2257685.863781297,152,0.04144978633831271,SSP5,2100
73.25,18.75,165713.71979535962,3336075.38146232,238,0.04967325400264829,SSP5,2100
73.25,19.25,1080612.2712523811,21629656.107745275,1522,0.04995975275193715,SSP5,2100
98.75,3.75,4072889.0797692738,34295253.09377065,3022,0.11875955744175769,SSP5,2100
100.25,5.25,8688127.160006072,22415432.115292765,1454,0.38759579183301407,SSP5,2100
100.25,5.75,4525418.812194733,14018958.874468165,1322,0.32280705384167935,SSP5,2100
100.25,13.25,6688725.8870494375,24284891.204159737,1508,0.27542745943633185,SSP5,2100
100.25,13.75,6628986.972574119,23947263.578691114,1429,0.27681605252270913,SSP5,2100
100.75,5.75,65761.40263565016,134655.41272816842,7,0.4883680596516682,SSP5,2100
100.75,13.25,4921613.20826708,20381292.652582634,1333,0.2414769903048045,SSP5,2100
100.75,13.75,7829805.502524455,31331779.47195057,1941,0.24989980251629187,SSP5,2100
101.25,2.75,6149255.762861668,19298784.63966388,1392,0.3186343532858227,SSP5,2100
101.25,3.25,4776495.281880632,14384142.424908519,1212,0.3320667399405989,SSP5,2100
101.25,12.75,491584.6045788024,1490154.529792286,94,0.32988834026986774,SSP5,2100
101.25,13.25,543189.4739187568,2014499.002705164,123,0.2696399815484329,SSP5,2100
101.25,13.75,316737.8414665197,1598429.8572227776,113,0.1981556087902674,SSP5,2100
102.25,6.25,2495207.4586617923,5581091.841276428,397,0.4470823146481539,SSP5,2100
103.25,1.25,9203.322994256072,28304.746107488496,5,0.32515122938414837,SSP5,2100
103.25,3.75,3133701.368906026,8781774.726989066,636,0.35684146614182755,SSP5,2100
103.75,1.25,18022340.581726238,52795621.81754583,4282,0.3413605136427579,SSP5,2100
103.75,1.75,1413575.2876354684,5013818.734854502,384,0.28193585815313477,SSP5,2100
104.25,1.25,174806.98771092706,1167071.6161476814,124,0.14978257143116655,SSP5,2100
104.25,1.75,312762.75594757294,1747569.5237943258,174,0.17897013634599324,SSP5,2100
106.75,-6.25,314564.21575367893,1811484.7145650303,129,0.17364994207484186,SSP5,2100
110.25,-6.75,1053435.227693709,7261867.6838298,394,0.1450639523547671,SSP5,2100
112.75,-7.25,4578126.57791132,34611527.807712145,2299,0.13227172759739375,SSP5,2100
113.25,23.25,268107.22724626225,1075560.3160328073,66,0.24927214517840607,SSP5,2100
113.75,22.25,448046.38014836266,2196038.5897280658,149,0.20402482098633976,SSP5,2100
113.75,22.75,572819.2893499709,2382617.8232388087,141,0.2404159340046024,SSP5,2100
114.25,22.25,1141063.8705706282,5232942.915450122,379,0.21805394956663257,SSP5,2100
114.25,22.75,365326.1939662129,2541816.347909409,202,0.1437264317961784,SSP5,2100
115.25,-8.75,1478269.339455591,9027543.795167778,752,0.1637510017117693,SSP5,2100
116.25,5.75,161274.38113113827,331204.64192133554,26,0.4869327319676956,SSP5,2100
116.25,6.25,7209137.586611481,19335074.15236847,1460,0.3728528543413106,SSP5,2100
117.75,24.25,714672.6318061829,3523535.250364914,236,0.20282829063003358,SSP5,2100
118.75,24.75,840532.7267988261,4437772.6363919545,314,0.1894041889181157,SSP5,2100
118.75,25.25,204450.65875966265,809224.0749780785,42,0.25265024247480666,SSP5,2100
119.25,-5.25,1486395.3244949672,8276566.391220473,499,0.17959081752448572,SSP5,2100
119.25,25.25,449813.42575489316,2333288.195367212,144,0.19278091178278203,SSP5,2100
119.75,26.25,136852.6984909943,990308.0944425737,60,0.13819204271780308,SSP5,2100
120.75,14.25,827215.9134677162,1490840.2535808783,93,0.5548655608679804,SSP5,2100
120.75,14.75,9129383.737133812,13544365.907238942,733,0.674035521460219,SSP5,2100
120.75,24.75,91326.31310831125,338908.11261745304,23,0.26947219528910193,SSP5,2100
120.75,27.75,114240.31924544665,690424.6067564376,51,0.16546385822217288,SSP5,2100
121.25,25.25,1132059.9072536838,4979617.07115777,317,0.22733874735281157,SSP5,2100
121.75,25.25,112183.82057859199,422253.7400456988,22,0.26567869017915813,SSP5,2100
138.25,-34.75,33847.38144450881,588190.9549618972,59,0.057544885991491365,SSP5,2100
138.75,-34.75,1173768.2562250784,11206698.13274495,1076,0.10473809879784614,SSP5,2100
146.75,-19.25,1137112.739203423,7299223.118220031,545,0.15578544740809572,SSP5,2100
150.75,-33.75,149206.1812471044,868732.7117230025,49,0.17175154018452474,SSP5,2100
151.25,-34.25,951446.1226109227,7758570.2301714625,655,0.1226316311362301,SSP5,2100
151.25,-33.75,2223392.526680409,13363418.104066199,859,0.16637902888063338,SSP5,2100
151.75,-33.25,222868.48904210256,1447855.8381070388,97,0.15393002754575769,SSP5,2100
151.75,-32.75,1765450.7462364822,17466528.066061016,1495,0.10107622645778737,SSP5,2100
152.75,-27.25,3446.668750503083,34782.04649165332,2,0.0990933282585941,SSP5,2100
153.25,-27.75,4258717.5206996715,34269608.41255363,2524,0.12427097121832356,SSP5,2100
153.25,-27.25,5558206.302364359,42258611.23529191,3292,0.13152837113876736,SSP5,2100
174.75,-37.25,659946.8317954516,18288154.067502353,1212,0.036086027565141884,SSP5,2100
174.75,-36.75,2031070.6948985672,52361088.857609786,3511,0.038789695539407906,SSP5,2100
