country,SSP,year,n_grids,Delta_sMEHI,hard_edge_fraction,soft_to_mixed_or_hard_share,unmet_allocation_percent,method_tier,rank_by_max_SSP235,is_zero_or_no_change
AUS,SSP2,2100,10653,0.0474730873546525,0.0442128977752745,0.030226227353797,0.0,country_aggregated_150m_exposure_screen,11,False
AUS,SSP3,2100,10653,0.0112602774012266,0.0401764761100159,0.0063831784473857,0.0,country_aggregated_150m_exposure_screen,11,False
AUS,SSP5,2100,10653,0.1279816854297862,0.0577302168403266,0.1064488876372852,0.0,country_aggregated_150m_exposure_screen,11,False
BHR,SSP2,2100,66,0.0,0.1363636363636363,0.0,0.0,country_aggregated_150m_exposure_screen,9,True
BHR,SSP3,2100,66,0.0,0.1363636363636363,0.0,0.0,country_aggregated_150m_exposure_screen,9,True
BHR,SSP5,2100,66,0.1862843991409283,0.2727272727272727,0.1818181818181818,0.0,country_aggregated_150m_exposure_screen,9,False
BRA,SSP2,2100,12236,0.0662092243634985,0.0219025825433148,0.038411245505067,0.0,country_aggregated_150m_exposure_screen,12,False
BRA,SSP3,2100,12236,0.0298778433285891,0.0185518143184047,0.0145472376593658,0.0,country_aggregated_150m_exposure_screen,12,False
BRA,SSP5,2100,12236,0.108773398155583,0.0281137626675384,0.0921869892121608,0.0,country_aggregated_150m_exposure_screen,12,False
CHN,SSP2,2100,2146,0.2580344711349984,0.1290773532152842,0.3387698042870457,0.0,country_aggregated_150m_exposure_screen,7,False
CHN,SSP3,2100,2146,0.1492987808242498,0.0894687791239515,0.146784715750233,0.0,country_aggregated_150m_exposure_screen,7,False
CHN,SSP5,2100,2146,0.2062787749807555,0.1099720410065237,0.2558247903075489,0.0,country_aggregated_150m_exposure_screen,7,False
COL,SSP2,2100,3244,0.041199463073672,0.0046239210850801,0.0175709001233045,0.0,country_aggregated_150m_exposure_screen,15,False
COL,SSP3,2100,3244,0.0247923672531964,0.0043156596794081,0.0095561035758323,0.0,country_aggregated_150m_exposure_screen,15,False
COL,SSP5,2100,3244,0.0369265129505044,0.0043156596794081,0.0144882860665844,0.0,country_aggregated_150m_exposure_screen,15,False
GHA,SSP2,2100,213,5.4174093341136085e-06,0.0187793427230046,0.0,0.0,country_aggregated_150m_exposure_screen,2,False
GHA,SSP3,2100,213,0.4489801196196331,0.1267605633802817,0.5727699530516432,0.2353984809146395,country_aggregated_150m_exposure_screen,2,False
GHA,SSP5,2100,213,0.0,0.0187793427230046,0.0,0.0,country_aggregated_150m_exposure_screen,2,True
GIN,SSP2,2100,7547,0.0026342064530002,0.0027825626076586,0.0009275208692195,0.0,country_aggregated_150m_exposure_screen,17,False
GIN,SSP3,2100,7547,0.0003046112900464,0.0027825626076586,0.000132502981317,0.0,country_aggregated_150m_exposure_screen,17,False
GIN,SSP5,2100,7547,0.032999302604948,0.003445077514244,0.0165628726646349,0.0,country_aggregated_150m_exposure_screen,17,False
IDN,SSP2,2100,7095,0.1209879623886175,0.0439746300211416,0.0999295278365045,0.0,country_aggregated_150m_exposure_screen,10,False
IDN,SSP3,2100,7095,0.0824054162904038,0.0380549682875264,0.0529950669485553,0.0,country_aggregated_150m_exposure_screen,10,False
IDN,SSP5,2100,7095,0.1362626105852425,0.0455250176180408,0.1226215644820296,0.0,country_aggregated_150m_exposure_screen,10,False
IND,SSP2,2100,8037,0.0152260672441321,0.0116959064327485,0.0088341420928207,0.0,country_aggregated_150m_exposure_screen,14,False
IND,SSP3,2100,8037,3.302139463174134e-07,0.0110737837501555,0.0,0.0,country_aggregated_150m_exposure_screen,14,False
IND,SSP5,2100,8037,0.0455772326491071,0.0140599726266019,0.0307328605200945,0.0,country_aggregated_150m_exposure_screen,14,False
MEX,SSP2,2100,296,0.0019103081608247,0.027027027027027,0.0,0.0,country_aggregated_150m_exposure_screen,19,False
MEX,SSP3,2100,296,0.0061622040381784,0.027027027027027,0.0033783783783783,0.0,country_aggregated_150m_exposure_screen,19,False
MEX,SSP5,2100,296,1.125735864719253e-06,0.027027027027027,0.0,0.0,country_aggregated_150m_exposure_screen,19,False
MOZ,SSP2,2100,823,0.2749599259821392,0.1202916160388821,0.3025516403402187,0.0,country_aggregated_150m_exposure_screen,4,False
MOZ,SSP3,2100,823,0.1231672699709068,0.0826245443499392,0.0923450789793438,0.0,country_aggregated_150m_exposure_screen,4,False
MOZ,SSP5,2100,823,0.3525727704231867,0.1567436208991494,0.3645200486026732,1.4647258406240284,country_aggregated_150m_exposure_screen,4,False
MYS,SSP2,2100,12324,0.204331554864538,0.0649139889646218,0.2428594612138916,0.0,country_aggregated_150m_exposure_screen,5,False
MYS,SSP3,2100,12324,0.1045504776191336,0.0434112301200908,0.0836579032781564,0.0,country_aggregated_150m_exposure_screen,5,False
MYS,SSP5,2100,12324,0.3432245033886536,0.1163583252190847,0.3885102239532619,0.0014412350891827,country_aggregated_150m_exposure_screen,5,False
NGA,SSP2,2100,5722,0.0613084633640212,0.0996155190492834,0.0344285214959804,0.0,country_aggregated_150m_exposure_screen,13,False
NGA,SSP3,2100,5722,0.041389215326525,0.0968192939531632,0.0227193289059769,0.0,country_aggregated_150m_exposure_screen,13,False
NGA,SSP5,2100,5722,0.1086833961229817,0.1081789584061517,0.0737504369101712,0.0,country_aggregated_150m_exposure_screen,13,False
NZL,SSP2,2100,4723,0.0130581372594507,0.0584374338344272,0.0105864916366716,0.0,country_aggregated_150m_exposure_screen,16,False
NZL,SSP3,2100,4723,0.0033694844570605,0.0561084056743595,0.0023290281600677,0.0,country_aggregated_150m_exposure_screen,16,False
NZL,SSP5,2100,4723,0.0380898282172179,0.0633072199872962,0.0326063942409485,0.0,country_aggregated_150m_exposure_screen,16,False
PAK,SSP2,2100,2398,0.0080350911300044,0.0454545454545454,0.0037531276063386,0.0,country_aggregated_150m_exposure_screen,18,False
PAK,SSP3,2100,2398,0.005535867944953,0.0442035029190992,0.0020850708924103,0.0,country_aggregated_150m_exposure_screen,18,False
PAK,SSP5,2100,2398,0.0116368240362216,0.0458715596330275,0.0070892410341951,0.0,country_aggregated_150m_exposure_screen,18,False
PHL,SSP2,2100,826,0.4721197330324931,0.1840193704600484,0.5835351089588378,0.1713955272893803,country_aggregated_150m_exposure_screen,1,False
PHL,SSP3,2100,826,0.2122434339871367,0.0532687651331719,0.2796610169491525,0.0,country_aggregated_150m_exposure_screen,1,False
PHL,SSP5,2100,826,0.6622190307271876,0.3256658595641646,0.7130750605326877,19.16872879919308,country_aggregated_150m_exposure_screen,1,False
SGP,SSP2,2100,551,0.2457602213812635,0.0272232304900181,0.3139745916515426,0.0,country_aggregated_150m_exposure_screen,3,False
SGP,SSP3,2100,551,0.0891658950337112,0.0054446460980036,0.058076225045372,0.0,country_aggregated_150m_exposure_screen,3,False
SGP,SSP5,2100,551,0.4055982833413816,0.0762250453720508,0.4482758620689655,6.6048345248718014,country_aggregated_150m_exposure_screen,3,False
THA,SSP2,2100,6541,0.2688691056528195,0.1794832594404525,0.3696682464454976,0.0,country_aggregated_150m_exposure_screen,6,False
THA,SSP3,2100,6541,0.2671212211779858,0.1787188503286959,0.3682923100443357,0.0,country_aggregated_150m_exposure_screen,6,False
THA,SSP5,2100,6541,0.2610288867362678,0.1767313866381287,0.3620241553279315,0.0,country_aggregated_150m_exposure_screen,6,False
USA,SSP2,2100,32105,0.0977936400730773,0.0336707677931786,0.0689300731973212,0.0,country_aggregated_150m_exposure_screen,8,False
USA,SSP3,2100,32105,0.0374358185855003,0.0257280797383585,0.0243887244977417,0.0,country_aggregated_150m_exposure_screen,8,False
USA,SSP5,2100,32105,0.1890257548837275,0.0524217411618128,0.2021803457405388,0.0,country_aggregated_150m_exposure_screen,8,False
