panel,SSP,year,n_countries,n_grids,hard_edge_fraction_2023,hard_edge_fraction_future,hard_edge_fraction_change_pp,mean_Delta_sMEHI_area_weighted,Delta_sMEHI,soft_to_mixed_or_hard_share_percent,soft_to_mixed_or_hard_share,unmet_allocation_percent,method_tier
a,SSP1,2030,19,117546,0.0318258383951814,0.0331274564851207,0.1301618089939261,0.0111468930376724,0.0111468930376724,0.7248226226328416,0.0072482262263284,0.0,country_aggregated_150m_exposure_screen
a,SSP1,2050,19,117546,0.0318258383951814,0.0347608595783778,0.2935021183196371,0.0241819573048505,0.0241819573048505,1.6606264781447264,0.0166062647814472,0.0,country_aggregated_150m_exposure_screen
a,SSP1,2070,19,117546,0.0318258383951814,0.0365644088271825,0.4738570432001092,0.0340246325835213,0.0340246325835213,2.506252871216375,0.0250625287121637,0.0,country_aggregated_150m_exposure_screen
a,SSP1,2100,19,117546,0.0318258383951814,0.0383339288448777,0.6508090449696289,0.0445884860942853,0.0445884860942853,3.5177717659469483,0.0351777176594694,0.0,country_aggregated_150m_exposure_screen
a,SSP2,2030,19,117546,0.0318258383951814,0.0341143041872968,0.2288465792115432,0.021471216764715,0.021471216764715,1.3824375138243752,0.0138243751382437,0.0,country_aggregated_150m_exposure_screen
a,SSP2,2050,19,117546,0.0318258383951814,0.0386827284637503,0.6856890068568905,0.0535440437357089,0.0535440437357089,3.948241539482415,0.0394824153948241,0.0,country_aggregated_150m_exposure_screen
a,SSP2,2070,19,117546,0.0318258383951814,0.0421111734980348,1.028533510285335,0.0745972709096222,0.0745972709096222,6.133768907491535,0.0613376890749153,0.0,country_aggregated_150m_exposure_screen
a,SSP2,2100,19,117546,0.0318258383951814,0.0489595562588263,1.713371786364487,0.1042439639615191,0.1042439639615191,9.483095979446343,0.0948309597944634,0.0085114769352112,country_aggregated_150m_exposure_screen
a,SSP3,2030,19,117546,0.0318258383951814,0.0333486464873326,0.1522808092151162,0.0125288327137655,0.0125288327137655,0.851581508515815,0.0085158150851581,0.0333141985669916,country_aggregated_150m_exposure_screen
a,SSP3,2050,19,117546,0.0318258383951814,0.0357562145883313,0.3930376193149919,0.0300853591182751,0.0300853591182751,2.1557517907882877,0.0215575179078828,0.0121757486632393,country_aggregated_150m_exposure_screen
a,SSP3,2070,19,117546,0.0318258383951814,0.0380616949960015,0.6235856600820107,0.0432189049379474,0.0432189049379474,3.374848995286951,0.0337484899528695,0.0080233945976008,country_aggregated_150m_exposure_screen
a,SSP3,2100,19,117546,0.0318258383951814,0.0413029792591836,0.9477140864002176,0.0597968159688062,0.0597968159688062,4.934238510880847,0.0493423851088084,0.0054933439479421,country_aggregated_150m_exposure_screen
a,SSP5,2030,19,117546,0.0318258383951814,0.0349480203494802,0.3122181954298746,0.0298568088773093,0.0298568088773093,1.943069096353768,0.0194306909635376,0.0,country_aggregated_150m_exposure_screen
a,SSP5,2050,19,117546,0.0318258383951814,0.0411413404114134,0.9315502016231942,0.0763475086022248,0.0763475086022248,5.7628502883977335,0.0576285028839773,0.0,country_aggregated_150m_exposure_screen
a,SSP5,2070,19,117546,0.0318258383951814,0.0495040239565787,1.767818556139724,0.1150593898739652,0.1150593898739652,10.266619025743111,0.1026661902574311,0.0014969747661028,country_aggregated_150m_exposure_screen
a,SSP5,2100,19,117546,0.0318258383951814,0.0633113844792677,3.148554608408624,0.1641945626785668,0.1641945626785668,16.579041396559642,0.1657904139655964,1.1881168210546402,country_aggregated_150m_exposure_screen
