location_code,all_n,area_nondecreasing_n,area_nondecreasing_hardening_n,joint_percent_all_cells,hardening_percent_within_nondecreasing_cells,joint_percent_all_weight,hardening_percent_within_nondecreasing_weight
GLOBAL,79509,47256,17007,21.390031317209374,35.98908075165058,19.644631098711027,32.95078954537085
AUS,8058,5578,1895,23.517001737403824,33.97275008963786,20.625088779368884,29.27143381590049
BHR,36,27,6,16.666666666666668,22.22222222222222,21.993323914924236,28.067038800044113
BRA,8637,6015,1122,12.990621743660993,18.653366583541146,11.300449973883971,16.26575993613919
CHN,813,616,235,28.905289052890527,38.14935064935065,28.52656396956766,35.70842878244163
COL,2171,1432,528,24.32058959005067,36.87150837988827,23.64495124131542,36.282809055437816
GHA,50,35,4,8.0,11.428571428571429,4.397234847237287,6.615196607797856
GIN,4771,2298,474,9.935024103961434,20.626631853785902,9.062697740298553,19.336864495659604
IDN,3891,2416,1273,32.71652531482909,52.69039735099338,28.926491471398574,47.295632824980416
IND,3397,2801,161,4.739476008242567,5.7479471617279545,4.39044029230628,5.441147020624708
MEX,247,134,106,42.91497975708502,79.1044776119403,44.531642489955,78.48765216017196
MOZ,460,296,85,18.47826086956522,28.716216216216218,14.519455771195934,26.5618805841008
MYS,8850,4256,1999,22.587570621468927,46.96898496240601,23.49614557094767,45.12927443735286
NGA,4355,2430,1734,39.81630309988519,71.35802469135803,40.2714514780237,72.00957205312463
NZL,3802,2733,1229,32.3250920568122,44.96889864617636,32.24770990831825,44.39547796418029
PAK,1701,1113,444,26.102292768959437,39.892183288409704,21.83091317771873,33.191289226030726
PHL,712,251,165,23.174157303370787,65.73705179282868,19.90480028357402,59.088150253545905
SGP,374,186,51,13.636363636363637,27.419354838709676,15.251902698405825,29.112506383906236
THA,3906,2020,1175,30.081925243215565,58.16831683168317,29.410932946177212,55.3460461357103
USA,23278,12619,4321,18.56259128791133,34.242016007607575,16.95534255937398,31.028784234558618
