location_code,area_direction,edge_direction,n,weight_m2,percent_all_cells,percent_all_weight,percent_within_area_direction_cells,percent_within_area_direction_weight
GLOBAL,persistence_or_gain,hardening,17007,128992794.44006196,21.390031317209374,19.644631098711027,35.98908075165058,32.95078954537085
GLOBAL,persistence_or_gain,near_neutral,6588,63600415.52189401,8.285854431573783,9.68586428471316,13.941086846114779,16.246519163780516
GLOBAL,persistence_or_gain,softening,23661,198877817.65165615,29.758895219409123,30.287593802759925,50.06983240223464,50.80269129084863
GLOBAL,loss,hardening,15237,117621952.07058227,19.16386824133117,17.912937444040914,47.24211701237094,44.35881582382267
GLOBAL,loss,near_neutral,5291,49425968.41772497,6.654592561848344,7.5272027439789655,16.404675534058846,18.640036076261357
GLOBAL,loss,softening,11725,98112341.08795883,14.746758228628206,14.941770625796003,36.353207453570214,37.00114809991599
AUS,persistence_or_gain,hardening,1895,13899014.92436592,23.517001737403824,20.625088779368884,33.97275008963786,29.27143381590049
AUS,persistence_or_gain,near_neutral,605,4768353.332965862,7.5080665177463395,7.075876337927388,10.846181427034779,10.042189303074391
AUS,persistence_or_gain,softening,3078,28815836.739670645,38.19806403574088,42.760526141000625,55.18106848332736,60.68637688102512
AUS,loss,hardening,936,6774416.990654369,11.61578555472822,10.052723349175452,37.74193548387097,34.03260278668979
AUS,loss,near_neutral,321,2636316.0315097612,3.983618763961281,3.9120939502727294,12.943548387096774,13.244046896482468
AUS,loss,softening,1223,10494935.178164802,15.17746339041946,15.573691442254901,49.314516129032256,52.72335031682774
BHR,persistence_or_gain,hardening,6,35668.33830505656,16.666666666666668,21.993323914924236,22.22222222222222,28.067038800044113
BHR,persistence_or_gain,near_neutral,4,5782.327547429422,11.11111111111111,3.5654198871040754,14.814814814814815,4.550052493060993
BHR,persistence_or_gain,softening,17,85631.98992451215,47.22222222222222,52.80122880359503,62.96296296296296,67.38290870689491
BHR,loss,hardening,2,6801.081957859817,5.555555555555555,4.193590326296555,22.22222222222222,19.378858676427967
BHR,loss,near_neutral,0,0.0,0.0,0.0,0.0,0.0
BHR,loss,softening,7,28294.287028614646,19.444444444444443,17.44643706808013,77.77777777777777,80.62114132357203
BRA,persistence_or_gain,hardening,1122,9261530.277858496,12.990621743660993,11.300449973883971,18.653366583541146,16.26575993613919
BRA,persistence_or_gain,near_neutral,1229,12928007.519871108,14.22947782794952,15.774099728374429,20.432252701579383,22.705088733937462
BRA,persistence_or_gain,softening,3664,34749273.01848852,42.422137316197755,42.39930223119281,60.91438071487947,61.02915132992333
BRA,loss,hardening,625,5514193.093793961,7.236308903554475,6.728139015182648,23.83676582761251,22.04057649368311
BRA,loss,near_neutral,677,6589189.484501131,7.838369804330207,8.039795142284477,25.81998474446987,26.337404656353165
BRA,loss,softening,1320,12914987.950145235,15.28308440430705,15.758213909081642,50.34324942791762,51.62201884996373
CHN,persistence_or_gain,hardening,235,1191607.831786607,28.905289052890527,28.52656396956766,38.14935064935065,35.70842878244163
CHN,persistence_or_gain,near_neutral,69,443528.1088634341,8.487084870848708,10.617866576811743,11.2012987012987,13.291027019027824
CHN,persistence_or_gain,softening,312,1701913.2447023496,38.37638376383764,40.743049643156695,50.64935064935065,51.00054419853055
CHN,loss,hardening,106,417108.8870921949,13.038130381303812,9.985402103367083,53.807106598984774,49.647693066146786
CHN,loss,near_neutral,11,54384.98173576759,1.3530135301353015,1.3019523865860012,5.583756345177665,6.4733429667457045
CHN,loss,softening,80,368643.63068580336,9.84009840098401,8.825165320510813,40.609137055837564,43.87896396710751
COL,persistence_or_gain,hardening,528,5039070.181564927,24.32058959005067,23.64495124131542,36.87150837988827,36.282809055437816
COL,persistence_or_gain,near_neutral,195,2115535.5383526357,8.982035928143713,9.926778721324212,13.61731843575419,15.232487189571906
COL,persistence_or_gain,softening,709,6733707.5412347065,32.65776140027637,31.596739229443717,49.51117318435754,48.48470375499027
COL,loss,hardening,265,2649539.1336017307,12.206356517733763,12.432496744173958,35.859269282814616,35.693225235303906
COL,loss,near_neutral,157,1720328.126504807,7.2316904652234,8.07233739650696,21.24492557510149,23.17537360336815
COL,loss,softening,317,3053219.659427679,14.601566098572087,14.326696667235725,42.895805142083894,41.131401161327936
GHA,persistence_or_gain,hardening,4,6298.381183531423,8.0,4.397234847237287,11.428571428571429,6.615196607797856
GHA,persistence_or_gain,near_neutral,1,2636.690040686402,2.0,1.8408135345293686,2.857142857142857,2.769318417654652
GHA,persistence_or_gain,softening,30,86275.72230090616,60.0,60.23366981409041,85.71428571428571,90.61548497454748
GHA,loss,hardening,1,966.474751972695,2.0,0.6747474207279607,6.666666666666667,2.012472409619824
GHA,loss,near_neutral,0,0.0,0.0,0.0,0.0,0.0
GHA,loss,softening,14,47057.77379686935,28.0,32.85353438341499,93.33333333333333,97.98752759038018
GIN,persistence_or_gain,hardening,474,3727075.6606459366,9.935024103961434,9.062697740298553,20.626631853785902,19.336864495659604
GIN,persistence_or_gain,near_neutral,320,3757260.4406783897,6.707189268497171,9.136094570065113,13.92515230635335,19.493469580842575
GIN,persistence_or_gain,softening,1504,11790121.044933926,31.523789561936702,28.668670314369464,65.44821583986075,61.16966592349784
GIN,loss,hardening,720,5649669.192995314,15.091175854118633,13.737645513726795,29.114435907804285,25.855429069197154
GIN,loss,near_neutral,499,4833816.085593061,10.459023265562776,11.753830108276043,20.177921552769917,22.121718044934617
GIN,loss,softening,1254,11367512.350865172,26.283797945923286,27.64106175326404,50.7076425394258,52.02285288586823
IDN,persistence_or_gain,hardening,1273,6763487.971951449,32.71652531482909,28.926491471398574,52.69039735099338,47.295632824980416
IDN,persistence_or_gain,near_neutral,199,1339373.2666049623,5.114366486764328,5.7283120091495014,8.236754966887418,9.365952374816708
IDN,persistence_or_gain,softening,944,6197588.016409762,24.261115394500127,26.50621656213184,39.0728476821192,43.33841480020288
IDN,loss,hardening,882,5411835.506263914,22.66769468003084,23.14566304630945,59.79661016949152,59.593900436479224
IDN,loss,near_neutral,115,730019.8069661369,2.955538421999486,3.1221925443988323,7.796610169491525,8.038811904508796
IDN,loss,softening,478,2939334.9874993945,12.284759701876125,12.571124366611798,32.40677966101695,32.36728765901197
IND,persistence_or_gain,hardening,161,829867.4591884089,4.739476008242567,4.39044029230628,5.7479471617279545,5.441147020624708
IND,persistence_or_gain,near_neutral,93,553827.5163198177,2.7377097438916693,2.9300421600052116,3.320242770439129,3.63125087867724
IND,persistence_or_gain,softening,2547,13868005.742057208,74.97792169561377,73.36912721389096,90.93181006783291,90.92760210069807
IND,loss,hardening,79,360349.15214304876,2.3255813953488373,1.9064386961437148,13.25503355704698,9.872605696670021
IND,loss,near_neutral,31,215181.0250693768,0.9125699146305564,1.1384220843269275,5.201342281879195,5.895386186650152
IND,loss,softening,486,3074460.141600699,14.306741242272594,16.265529553326918,81.54362416107382,84.23200811667984
MEX,persistence_or_gain,hardening,106,781037.9557128049,42.91497975708502,44.531642489955,79.1044776119403,78.48765216017196
MEX,persistence_or_gain,near_neutral,23,150858.2790474909,9.31174089068826,8.601332240072331,17.16417910447761,15.159970197038023
MEX,persistence_or_gain,softening,5,63213.10309952301,2.0242914979757085,3.604156862440269,3.7313432835820897,6.352377642790028
MEX,loss,hardening,97,668041.3933675258,39.27125506072875,38.08903303653662,85.84070796460178,88.04093311090999
MEX,loss,near_neutral,6,29595.832050096833,2.42914979757085,1.6874352935189327,5.3097345132743365,3.900423979342842
MEX,loss,softening,10,61147.77351685861,4.048582995951417,3.486400077476853,8.849557522123893,8.058642909747157
MOZ,persistence_or_gain,hardening,85,488649.339208885,18.47826086956522,14.519455771195934,28.716216216216218,26.5618805841008
MOZ,persistence_or_gain,near_neutral,61,586990.4817581952,13.26086956521739,17.44151000347069,20.60810810810811,31.907484221113386
MOZ,persistence_or_gain,softening,150,764024.1202275683,32.608695652173914,22.70178946671818,50.67567567567568,41.530635194785795
MOZ,loss,hardening,60,489867.15627816634,13.043478260869565,14.555641312965959,36.58536585365854,32.105262219755915
MOZ,loss,near_neutral,41,403826.43475786905,8.91304347826087,11.999074977159017,25.0,26.466264196345744
MOZ,loss,softening,63,632122.1862190946,13.695652173913043,18.782528468490234,38.41463414634146,41.42847358389833
MYS,persistence_or_gain,hardening,1999,17702796.398752503,22.587570621468927,23.49614557094767,46.96898496240601,45.12927443735286
MYS,persistence_or_gain,near_neutral,597,6468014.225372022,6.745762711864407,8.584711724132509,14.027255639097744,16.488738980361653
MYS,persistence_or_gain,softening,1660,15056047.373176116,18.757062146892654,19.9832316225565,39.00375939849624,38.3819865822855
MYS,loss,hardening,2879,21760440.622120954,32.53107344632768,28.881678861840538,62.668698302133215,60.25061005352779
MYS,loss,near_neutral,499,4710576.193978725,5.638418079096045,6.252141271000794,10.8619939050936,13.042708753899316
MYS,loss,softening,1216,9645531.386131907,13.740112994350282,12.802090949521991,26.469307792773183,26.706681192572894
NGA,persistence_or_gain,hardening,1734,15255805.878818909,39.81630309988519,40.2714514780237,71.35802469135803,72.00957205312463
NGA,persistence_or_gain,near_neutral,155,1470502.701183618,3.5591274397244548,3.881753520555649,6.378600823045267,6.94098175188593
NGA,persistence_or_gain,softening,541,4459494.14572959,12.422502870264065,11.771931521206776,22.263374485596707,21.04944619498945
NGA,loss,hardening,1502,13485849.83408099,34.489092996555684,35.59921721258507,78.02597402597402,80.76988651040588
NGA,loss,near_neutral,130,1269346.7784913485,2.985074626865672,3.3507529923261967,6.753246753246753,7.60241264009909
NGA,loss,softening,293,1941434.2937290561,6.727898966704937,5.1248932753026,15.220779220779221,11.627700849495024
NZL,persistence_or_gain,hardening,1229,6826250.888866421,32.3250920568122,32.24770990831825,44.96889864617636,44.39547796418029
NZL,persistence_or_gain,near_neutral,350,1985608.8990466641,9.20568122041031,9.380162084617602,12.806439809732895,12.913685353534543
NZL,persistence_or_gain,softening,1154,6564145.161000995,30.352446081009994,31.00950322428052,42.22466154409074,42.690836682285166
NZL,loss,hardening,497,2762559.651208398,13.072067332982641,13.050534427601015,46.49204864359214,47.69474614077345
NZL,loss,near_neutral,120,727299.7532365259,3.156233561283535,3.435817382132245,11.225444340505145,12.55660745051782
NZL,loss,softening,452,2302308.2340085106,11.888479747501314,10.876272973050373,42.282507015902716,39.74864640870874
PAK,persistence_or_gain,hardening,444,3487449.3084402317,26.102292768959437,21.83091317771873,39.892183288409704,33.191289226030726
PAK,persistence_or_gain,near_neutral,131,1399534.2231774463,7.70135214579659,8.760875761402191,11.769991015274034,13.319862476793032
PAK,persistence_or_gain,softening,538,5620138.637367405,31.628453850676074,35.181230689768746,48.337825696316266,53.48884829717623
PAK,loss,hardening,256,2127605.2969059236,15.04997060552616,13.318492228918293,43.53741496598639,38.91226186041209
PAK,loss,near_neutral,105,1106327.8005945254,6.172839506172839,6.925447232286137,17.857142857142858,20.2338832032394
PAK,loss,softening,227,2233765.7593230633,13.3450911228689,13.983040909905887,38.605442176870746,40.853854936348505
PHL,persistence_or_gain,hardening,165,523576.16988364124,23.174157303370787,19.90480028357402,65.73705179282868,59.088150253545905
PHL,persistence_or_gain,near_neutral,14,63278.99955514292,1.9662921348314606,2.405678334385254,5.577689243027889,7.141346853962638
PHL,persistence_or_gain,softening,72,299238.1803056026,10.112359550561798,11.376140777237525,28.685258964143426,33.770502892491464
PHL,loss,hardening,268,1035707.6045347672,37.640449438202246,39.374505957795925,58.13449023861171,59.376411817170975
PHL,loss,near_neutral,41,140625.0307641314,5.758426966292135,5.346143146380323,8.893709327548807,8.061937270610349
PHL,loss,softening,152,567975.5383305029,21.348314606741575,21.59273150062694,32.971800433839476,32.561650912218674
SGP,persistence_or_gain,hardening,51,417144.064084187,13.636363636363637,15.251902698405825,27.419354838709676,29.112506383906236
SGP,persistence_or_gain,near_neutral,17,119052.68927495285,4.545454545454546,4.3528847444864205,9.13978494623656,8.308693506516699
SGP,persistence_or_gain,softening,118,896672.1950691192,31.550802139037433,32.784733738414474,63.44086021505376,62.57880010957708
SGP,loss,hardening,50,351514.0979049428,13.368983957219251,12.852295597527885,26.595744680851062,26.994678306998438
SGP,loss,near_neutral,24,199680.4160826823,6.4171122994652405,7.300850087742404,12.76595744680851,15.334544555926358
SGP,loss,softening,114,750966.2078677333,30.481283422459892,27.457333133422996,60.638297872340424,57.670777137075184
THA,persistence_or_gain,hardening,1175,5982275.446386462,30.081925243215565,29.410932946177212,58.16831683168317,55.3460461357103
THA,persistence_or_gain,near_neutral,162,1037463.6942784344,4.147465437788019,5.100529960543239,8.01980198019802,9.598273098966448
THA,persistence_or_gain,softening,683,3789118.69846191,17.485919098822325,18.628616646678264,33.81188118811881,35.055680765323245
THA,loss,hardening,1372,6923736.806527127,35.12544802867384,34.039482263684704,72.74655355249205,72.64093054206958
THA,loss,near_neutral,115,644266.4821720582,2.944188428059396,3.1674366177969175,6.097560975609756,6.759372588791172
THA,loss,softening,399,1963450.6104455753,10.21505376344086,9.653001565119677,21.1558854718982,20.599696869139265
USA,persistence_or_gain,hardening,4321,36774187.96305758,18.56259128791133,16.95534255937398,34.242016007607575,31.028784234558618
USA,persistence_or_gain,near_neutral,2363,24404806.587955713,10.151215740183865,11.252236384111075,18.72573104049449,20.591929281063347
USA,persistence_or_gain,softening,5935,57337372.97749579,25.496176647478304,26.436336303731746,47.03225295189793,48.37928648437803
USA,loss,hardening,4640,41231750.0943991,19.932983933327606,19.010574696451055,43.531288113331456,41.91405585396016
USA,loss,near_neutral,2399,23415188.15371697,10.305868201735544,10.79595657250938,22.506801763767708,23.80266425409858
USA,loss,softening,3620,33725193.139172256,15.551164189363348,15.549553483822757,33.96191012290083,34.28327989194126
