year,max_absolute_MEHI_perturbation,lower_hard_share_percent,upper_hard_share_percent,interpretation
2000,0.0,0.6784056225404599,0.6784056225404599,"deterministic margin bound, not a confidence interval or calibrated map-error model"
2000,0.005,0.6688580419587581,0.6926386828483513,"deterministic margin bound, not a confidence interval or calibrated map-error model"
2000,0.01,0.6537996505762127,0.7076129534718091,"deterministic margin bound, not a confidence interval or calibrated map-error model"
2000,0.015,0.6412059351004543,0.7243606876970521,"deterministic margin bound, not a confidence interval or calibrated map-error model"
2000,0.03,0.5971903734408217,0.7730032467339045,"deterministic margin bound, not a confidence interval or calibrated map-error model"
2000,0.05,0.5470633227634596,0.8495230285968637,"deterministic margin bound, not a confidence interval or calibrated map-error model"
2000,0.075,0.5079018462160239,0.9512037505928143,"deterministic margin bound, not a confidence interval or calibrated map-error model"
2000,0.1,0.45242625347149984,1.0708552815025982,"deterministic margin bound, not a confidence interval or calibrated map-error model"
2000,0.15,0.35439949401485027,1.3136016179730277,"deterministic margin bound, not a confidence interval or calibrated map-error model"
2000,0.2,0.26905850233031153,1.5743098788328629,"deterministic margin bound, not a confidence interval or calibrated map-error model"
2010,0.0,1.9477021967682164,1.9477021967682164,"deterministic margin bound, not a confidence interval or calibrated map-error model"
2010,0.005,1.9172167587348905,1.9706216513639379,"deterministic margin bound, not a confidence interval or calibrated map-error model"
2010,0.01,1.8977667832721172,1.992376258160964,"deterministic margin bound, not a confidence interval or calibrated map-error model"
2010,0.015,1.8742457954132479,2.011330198457676,"deterministic margin bound, not a confidence interval or calibrated map-error model"
2010,0.03,1.8165567106739844,2.086976144517424,"deterministic margin bound, not a confidence interval or calibrated map-error model"
2010,0.05,1.7477151460166391,2.1821213414544336,"deterministic margin bound, not a confidence interval or calibrated map-error model"
2010,0.075,1.662223719349911,2.29507287214689,"deterministic margin bound, not a confidence interval or calibrated map-error model"
2010,0.1,1.5759418898759072,2.4212271291685292,"deterministic margin bound, not a confidence interval or calibrated map-error model"
2010,0.15,1.4289438634771372,2.6750128778993147,"deterministic margin bound, not a confidence interval or calibrated map-error model"
2010,0.2,1.2999790375331937,2.998253286299455,"deterministic margin bound, not a confidence interval or calibrated map-error model"
2020,0.0,1.3123855319681745,1.3123855319681745,"deterministic margin bound, not a confidence interval or calibrated map-error model"
2020,0.005,1.2950200374751448,1.3329171103746116,"deterministic margin bound, not a confidence interval or calibrated map-error model"
2020,0.01,1.2712149094121028,1.3542691371110152,"deterministic margin bound, not a confidence interval or calibrated map-error model"
2020,0.015,1.2495551337384236,1.3792804812393886,"deterministic margin bound, not a confidence interval or calibrated map-error model"
2020,0.03,1.1824729132914118,1.4611147161381728,"deterministic margin bound, not a confidence interval or calibrated map-error model"
2020,0.05,1.0930638189604354,1.549445672162703,"deterministic margin bound, not a confidence interval or calibrated map-error model"
2020,0.075,1.0038381877500324,1.682111119084876,"deterministic margin bound, not a confidence interval or calibrated map-error model"
2020,0.1,0.9216780514011041,1.849272934441587,"deterministic margin bound, not a confidence interval or calibrated map-error model"
2020,0.15,0.7820861570120453,2.1369920813397085,"deterministic margin bound, not a confidence interval or calibrated map-error model"
2020,0.2,0.656749090891635,2.465846840277805,"deterministic margin bound, not a confidence interval or calibrated map-error model"
2023,0.0,1.499631705289586,1.499631705289586,"deterministic margin bound, not a confidence interval or calibrated map-error model"
2023,0.005,1.4805148239957682,1.5278913139396249,"deterministic margin bound, not a confidence interval or calibrated map-error model"
2023,0.01,1.450009260205708,1.55671713802501,"deterministic margin bound, not a confidence interval or calibrated map-error model"
2023,0.015,1.4279432983520834,1.578385535210778,"deterministic margin bound, not a confidence interval or calibrated map-error model"
2023,0.03,1.3452955232762887,1.647976785198392,"deterministic margin bound, not a confidence interval or calibrated map-error model"
2023,0.05,1.2838837603338102,1.7475807126730791,"deterministic margin bound, not a confidence interval or calibrated map-error model"
2023,0.075,1.186235323464996,1.8813126025536444,"deterministic margin bound, not a confidence interval or calibrated map-error model"
2023,0.1,1.1126074178888505,2.023208508234742,"deterministic margin bound, not a confidence interval or calibrated map-error model"
2023,0.15,0.9581014936057307,2.399336940866255,"deterministic margin bound, not a confidence interval or calibrated map-error model"
2023,0.2,0.8047761536756133,2.786552924812558,"deterministic margin bound, not a confidence interval or calibrated map-error model"
