scenario,year,mapped_class,reference_class,probability
observed,2000,mangrove,mangrove,1.0
observed,2000,mangrove,tidal_flat,0.0
observed,2000,mangrove,non_mangrove_vegetation,0.0
observed,2000,mangrove,water,0.0
observed,2000,mangrove,built_up,0.0
observed,2000,mangrove,other,0.0
observed,2000,tidal_flat,mangrove,0.0
observed,2000,tidal_flat,tidal_flat,1.0
observed,2000,tidal_flat,non_mangrove_vegetation,0.0
observed,2000,tidal_flat,water,0.0
observed,2000,tidal_flat,built_up,0.0
observed,2000,tidal_flat,other,0.0
observed,2000,non_mangrove_vegetation,mangrove,0.0
observed,2000,non_mangrove_vegetation,tidal_flat,0.0
observed,2000,non_mangrove_vegetation,non_mangrove_vegetation,1.0
observed,2000,non_mangrove_vegetation,water,0.0
observed,2000,non_mangrove_vegetation,built_up,0.0
observed,2000,non_mangrove_vegetation,other,0.0
observed,2000,water,mangrove,0.0
observed,2000,water,tidal_flat,0.0
observed,2000,water,non_mangrove_vegetation,0.0
observed,2000,water,water,1.0
observed,2000,water,built_up,0.0
observed,2000,water,other,0.0
observed,2000,built_up,mangrove,0.0
observed,2000,built_up,tidal_flat,0.0
observed,2000,built_up,non_mangrove_vegetation,0.0
observed,2000,built_up,water,0.0
observed,2000,built_up,built_up,1.0
observed,2000,built_up,other,0.0
observed,2000,other,mangrove,0.0
observed,2000,other,tidal_flat,0.0
observed,2000,other,non_mangrove_vegetation,0.0
observed,2000,other,water,0.0
observed,2000,other,built_up,0.0
observed,2000,other,other,1.0
pooled_composition,2000,mangrove,mangrove,0.9461883408071748
pooled_composition,2000,mangrove,tidal_flat,0.004484304932735426
pooled_composition,2000,mangrove,non_mangrove_vegetation,0.0458395615346288
pooled_composition,2000,mangrove,water,0.002491280518186348
pooled_composition,2000,mangrove,built_up,0.0004982561036372695
pooled_composition,2000,mangrove,other,0.0004982561036372695
pooled_composition,2000,tidal_flat,mangrove,0.007739938080495356
pooled_composition,2000,tidal_flat,tidal_flat,0.8823529411764706
pooled_composition,2000,tidal_flat,non_mangrove_vegetation,0.03869969040247678
pooled_composition,2000,tidal_flat,water,0.04953560371517028
pooled_composition,2000,tidal_flat,built_up,0.0046439628482972135
pooled_composition,2000,tidal_flat,other,0.017027863777089782
pooled_composition,2000,non_mangrove_vegetation,mangrove,0.08688524590163935
pooled_composition,2000,non_mangrove_vegetation,tidal_flat,0.00819672131147541
pooled_composition,2000,non_mangrove_vegetation,non_mangrove_vegetation,0.8468852459016394
pooled_composition,2000,non_mangrove_vegetation,water,0.018032786885245903
pooled_composition,2000,non_mangrove_vegetation,built_up,0.027868852459016394
pooled_composition,2000,non_mangrove_vegetation,other,0.012131147540983607
pooled_composition,2000,water,mangrove,0.009569377990430622
pooled_composition,2000,water,tidal_flat,0.0707070707070707
pooled_composition,2000,water,non_mangrove_vegetation,0.013822434875066455
pooled_composition,2000,water,water,0.88782562466773
pooled_composition,2000,water,built_up,0.008506113769271665
pooled_composition,2000,water,other,0.009569377990430622
pooled_composition,2000,built_up,mangrove,0.0011947431302270011
pooled_composition,2000,built_up,tidal_flat,0.008960573476702509
pooled_composition,2000,built_up,non_mangrove_vegetation,0.04121863799283154
pooled_composition,2000,built_up,water,0.008363201911589008
pooled_composition,2000,built_up,built_up,0.8960573476702509
pooled_composition,2000,built_up,other,0.04420549581839905
pooled_composition,2000,other,mangrove,0.003616636528028933
pooled_composition,2000,other,tidal_flat,0.08860759493670886
pooled_composition,2000,other,non_mangrove_vegetation,0.023508137432188065
pooled_composition,2000,other,water,0.007233273056057866
pooled_composition,2000,other,built_up,0.08860759493670886
pooled_composition,2000,other,other,0.7884267631103075
year_specific_composition,2000,mangrove,mangrove,0.9514563106796117
year_specific_composition,2000,mangrove,tidal_flat,0.0
year_specific_composition,2000,mangrove,non_mangrove_vegetation,0.04854368932038835
year_specific_composition,2000,mangrove,water,0.0
year_specific_composition,2000,mangrove,built_up,0.0
year_specific_composition,2000,mangrove,other,0.0
year_specific_composition,2000,tidal_flat,mangrove,0.006329113924050633
year_specific_composition,2000,tidal_flat,tidal_flat,0.8354430379746836
year_specific_composition,2000,tidal_flat,non_mangrove_vegetation,0.06962025316455696
year_specific_composition,2000,tidal_flat,water,0.05063291139240506
year_specific_composition,2000,tidal_flat,built_up,0.012658227848101266
year_specific_composition,2000,tidal_flat,other,0.02531645569620253
year_specific_composition,2000,non_mangrove_vegetation,mangrove,0.12028985507246377
year_specific_composition,2000,non_mangrove_vegetation,tidal_flat,0.005797101449275362
year_specific_composition,2000,non_mangrove_vegetation,non_mangrove_vegetation,0.8072463768115942
year_specific_composition,2000,non_mangrove_vegetation,water,0.021739130434782608
year_specific_composition,2000,non_mangrove_vegetation,built_up,0.0391304347826087
year_specific_composition,2000,non_mangrove_vegetation,other,0.005797101449275362
year_specific_composition,2000,water,mangrove,0.007561436672967864
year_specific_composition,2000,water,tidal_flat,0.10586011342155009
year_specific_composition,2000,water,non_mangrove_vegetation,0.022684310018903593
year_specific_composition,2000,water,water,0.8487712665406427
year_specific_composition,2000,water,built_up,0.005671077504725898
year_specific_composition,2000,water,other,0.00945179584120983
year_specific_composition,2000,built_up,mangrove,0.0
year_specific_composition,2000,built_up,tidal_flat,0.0111731843575419
year_specific_composition,2000,built_up,non_mangrove_vegetation,0.061452513966480445
year_specific_composition,2000,built_up,water,0.013966480446927373
year_specific_composition,2000,built_up,built_up,0.8743016759776536
year_specific_composition,2000,built_up,other,0.03910614525139665
year_specific_composition,2000,other,mangrove,0.007692307692307693
year_specific_composition,2000,other,tidal_flat,0.14615384615384616
year_specific_composition,2000,other,non_mangrove_vegetation,0.046153846153846156
year_specific_composition,2000,other,water,0.007692307692307693
year_specific_composition,2000,other,built_up,0.16923076923076924
year_specific_composition,2000,other,other,0.6230769230769231
observed,2010,mangrove,mangrove,1.0
observed,2010,mangrove,tidal_flat,0.0
observed,2010,mangrove,non_mangrove_vegetation,0.0
observed,2010,mangrove,water,0.0
observed,2010,mangrove,built_up,0.0
observed,2010,mangrove,other,0.0
observed,2010,tidal_flat,mangrove,0.0
observed,2010,tidal_flat,tidal_flat,1.0
observed,2010,tidal_flat,non_mangrove_vegetation,0.0
observed,2010,tidal_flat,water,0.0
observed,2010,tidal_flat,built_up,0.0
observed,2010,tidal_flat,other,0.0
observed,2010,non_mangrove_vegetation,mangrove,0.0
observed,2010,non_mangrove_vegetation,tidal_flat,0.0
observed,2010,non_mangrove_vegetation,non_mangrove_vegetation,1.0
observed,2010,non_mangrove_vegetation,water,0.0
observed,2010,non_mangrove_vegetation,built_up,0.0
observed,2010,non_mangrove_vegetation,other,0.0
observed,2010,water,mangrove,0.0
observed,2010,water,tidal_flat,0.0
observed,2010,water,non_mangrove_vegetation,0.0
observed,2010,water,water,1.0
observed,2010,water,built_up,0.0
observed,2010,water,other,0.0
observed,2010,built_up,mangrove,0.0
observed,2010,built_up,tidal_flat,0.0
observed,2010,built_up,non_mangrove_vegetation,0.0
observed,2010,built_up,water,0.0
observed,2010,built_up,built_up,1.0
observed,2010,built_up,other,0.0
observed,2010,other,mangrove,0.0
observed,2010,other,tidal_flat,0.0
observed,2010,other,non_mangrove_vegetation,0.0
observed,2010,other,water,0.0
observed,2010,other,built_up,0.0
observed,2010,other,other,1.0
pooled_composition,2010,mangrove,mangrove,0.9461883408071748
pooled_composition,2010,mangrove,tidal_flat,0.004484304932735426
pooled_composition,2010,mangrove,non_mangrove_vegetation,0.0458395615346288
pooled_composition,2010,mangrove,water,0.002491280518186348
pooled_composition,2010,mangrove,built_up,0.0004982561036372695
pooled_composition,2010,mangrove,other,0.0004982561036372695
pooled_composition,2010,tidal_flat,mangrove,0.007739938080495356
pooled_composition,2010,tidal_flat,tidal_flat,0.8823529411764706
pooled_composition,2010,tidal_flat,non_mangrove_vegetation,0.03869969040247678
pooled_composition,2010,tidal_flat,water,0.04953560371517028
pooled_composition,2010,tidal_flat,built_up,0.0046439628482972135
pooled_composition,2010,tidal_flat,other,0.017027863777089782
pooled_composition,2010,non_mangrove_vegetation,mangrove,0.08688524590163935
pooled_composition,2010,non_mangrove_vegetation,tidal_flat,0.00819672131147541
pooled_composition,2010,non_mangrove_vegetation,non_mangrove_vegetation,0.8468852459016394
pooled_composition,2010,non_mangrove_vegetation,water,0.018032786885245903
pooled_composition,2010,non_mangrove_vegetation,built_up,0.027868852459016394
pooled_composition,2010,non_mangrove_vegetation,other,0.012131147540983607
pooled_composition,2010,water,mangrove,0.009569377990430622
pooled_composition,2010,water,tidal_flat,0.0707070707070707
pooled_composition,2010,water,non_mangrove_vegetation,0.013822434875066455
pooled_composition,2010,water,water,0.88782562466773
pooled_composition,2010,water,built_up,0.008506113769271665
pooled_composition,2010,water,other,0.009569377990430622
pooled_composition,2010,built_up,mangrove,0.0011947431302270011
pooled_composition,2010,built_up,tidal_flat,0.008960573476702509
pooled_composition,2010,built_up,non_mangrove_vegetation,0.04121863799283154
pooled_composition,2010,built_up,water,0.008363201911589008
pooled_composition,2010,built_up,built_up,0.8960573476702509
pooled_composition,2010,built_up,other,0.04420549581839905
pooled_composition,2010,other,mangrove,0.003616636528028933
pooled_composition,2010,other,tidal_flat,0.08860759493670886
pooled_composition,2010,other,non_mangrove_vegetation,0.023508137432188065
pooled_composition,2010,other,water,0.007233273056057866
pooled_composition,2010,other,built_up,0.08860759493670886
pooled_composition,2010,other,other,0.7884267631103075
year_specific_composition,2010,mangrove,mangrove,0.9620253164556962
year_specific_composition,2010,mangrove,tidal_flat,0.005063291139240506
year_specific_composition,2010,mangrove,non_mangrove_vegetation,0.030379746835443037
year_specific_composition,2010,mangrove,water,0.0
year_specific_composition,2010,mangrove,built_up,0.002531645569620253
year_specific_composition,2010,mangrove,other,0.0
year_specific_composition,2010,tidal_flat,mangrove,0.02142857142857143
year_specific_composition,2010,tidal_flat,tidal_flat,0.9
year_specific_composition,2010,tidal_flat,non_mangrove_vegetation,0.014285714285714285
year_specific_composition,2010,tidal_flat,water,0.05
year_specific_composition,2010,tidal_flat,built_up,0.007142857142857143
year_specific_composition,2010,tidal_flat,other,0.007142857142857143
year_specific_composition,2010,non_mangrove_vegetation,mangrove,0.12366412213740458
year_specific_composition,2010,non_mangrove_vegetation,tidal_flat,0.004580152671755725
year_specific_composition,2010,non_mangrove_vegetation,non_mangrove_vegetation,0.8320610687022901
year_specific_composition,2010,non_mangrove_vegetation,water,0.013740458015267175
year_specific_composition,2010,non_mangrove_vegetation,built_up,0.022900763358778626
year_specific_composition,2010,non_mangrove_vegetation,other,0.0030534351145038168
year_specific_composition,2010,water,mangrove,0.005025125628140704
year_specific_composition,2010,water,tidal_flat,0.022613065326633167
year_specific_composition,2010,water,non_mangrove_vegetation,0.010050251256281407
year_specific_composition,2010,water,water,0.9422110552763819
year_specific_composition,2010,water,built_up,0.007537688442211055
year_specific_composition,2010,water,other,0.01256281407035176
year_specific_composition,2010,built_up,mangrove,0.0028653295128939827
year_specific_composition,2010,built_up,tidal_flat,0.0028653295128939827
year_specific_composition,2010,built_up,non_mangrove_vegetation,0.017191977077363897
year_specific_composition,2010,built_up,water,0.0028653295128939827
year_specific_composition,2010,built_up,built_up,0.9484240687679083
year_specific_composition,2010,built_up,other,0.025787965616045846
year_specific_composition,2010,other,mangrove,0.0
year_specific_composition,2010,other,tidal_flat,0.11904761904761904
year_specific_composition,2010,other,non_mangrove_vegetation,0.015873015873015872
year_specific_composition,2010,other,water,0.0
year_specific_composition,2010,other,built_up,0.07936507936507936
year_specific_composition,2010,other,other,0.7857142857142857
observed,2020,mangrove,mangrove,1.0
observed,2020,mangrove,tidal_flat,0.0
observed,2020,mangrove,non_mangrove_vegetation,0.0
observed,2020,mangrove,water,0.0
observed,2020,mangrove,built_up,0.0
observed,2020,mangrove,other,0.0
observed,2020,tidal_flat,mangrove,0.0
observed,2020,tidal_flat,tidal_flat,1.0
observed,2020,tidal_flat,non_mangrove_vegetation,0.0
observed,2020,tidal_flat,water,0.0
observed,2020,tidal_flat,built_up,0.0
observed,2020,tidal_flat,other,0.0
observed,2020,non_mangrove_vegetation,mangrove,0.0
observed,2020,non_mangrove_vegetation,tidal_flat,0.0
observed,2020,non_mangrove_vegetation,non_mangrove_vegetation,1.0
observed,2020,non_mangrove_vegetation,water,0.0
observed,2020,non_mangrove_vegetation,built_up,0.0
observed,2020,non_mangrove_vegetation,other,0.0
observed,2020,water,mangrove,0.0
observed,2020,water,tidal_flat,0.0
observed,2020,water,non_mangrove_vegetation,0.0
observed,2020,water,water,1.0
observed,2020,water,built_up,0.0
observed,2020,water,other,0.0
observed,2020,built_up,mangrove,0.0
observed,2020,built_up,tidal_flat,0.0
observed,2020,built_up,non_mangrove_vegetation,0.0
observed,2020,built_up,water,0.0
observed,2020,built_up,built_up,1.0
observed,2020,built_up,other,0.0
observed,2020,other,mangrove,0.0
observed,2020,other,tidal_flat,0.0
observed,2020,other,non_mangrove_vegetation,0.0
observed,2020,other,water,0.0
observed,2020,other,built_up,0.0
observed,2020,other,other,1.0
pooled_composition,2020,mangrove,mangrove,0.9461883408071748
pooled_composition,2020,mangrove,tidal_flat,0.004484304932735426
pooled_composition,2020,mangrove,non_mangrove_vegetation,0.0458395615346288
pooled_composition,2020,mangrove,water,0.002491280518186348
pooled_composition,2020,mangrove,built_up,0.0004982561036372695
pooled_composition,2020,mangrove,other,0.0004982561036372695
pooled_composition,2020,tidal_flat,mangrove,0.007739938080495356
pooled_composition,2020,tidal_flat,tidal_flat,0.8823529411764706
pooled_composition,2020,tidal_flat,non_mangrove_vegetation,0.03869969040247678
pooled_composition,2020,tidal_flat,water,0.04953560371517028
pooled_composition,2020,tidal_flat,built_up,0.0046439628482972135
pooled_composition,2020,tidal_flat,other,0.017027863777089782
pooled_composition,2020,non_mangrove_vegetation,mangrove,0.08688524590163935
pooled_composition,2020,non_mangrove_vegetation,tidal_flat,0.00819672131147541
pooled_composition,2020,non_mangrove_vegetation,non_mangrove_vegetation,0.8468852459016394
pooled_composition,2020,non_mangrove_vegetation,water,0.018032786885245903
pooled_composition,2020,non_mangrove_vegetation,built_up,0.027868852459016394
pooled_composition,2020,non_mangrove_vegetation,other,0.012131147540983607
pooled_composition,2020,water,mangrove,0.009569377990430622
pooled_composition,2020,water,tidal_flat,0.0707070707070707
pooled_composition,2020,water,non_mangrove_vegetation,0.013822434875066455
pooled_composition,2020,water,water,0.88782562466773
pooled_composition,2020,water,built_up,0.008506113769271665
pooled_composition,2020,water,other,0.009569377990430622
pooled_composition,2020,built_up,mangrove,0.0011947431302270011
pooled_composition,2020,built_up,tidal_flat,0.008960573476702509
pooled_composition,2020,built_up,non_mangrove_vegetation,0.04121863799283154
pooled_composition,2020,built_up,water,0.008363201911589008
pooled_composition,2020,built_up,built_up,0.8960573476702509
pooled_composition,2020,built_up,other,0.04420549581839905
pooled_composition,2020,other,mangrove,0.003616636528028933
pooled_composition,2020,other,tidal_flat,0.08860759493670886
pooled_composition,2020,other,non_mangrove_vegetation,0.023508137432188065
pooled_composition,2020,other,water,0.007233273056057866
pooled_composition,2020,other,built_up,0.08860759493670886
pooled_composition,2020,other,other,0.7884267631103075
year_specific_composition,2020,mangrove,mangrove,0.942
year_specific_composition,2020,mangrove,tidal_flat,0.004
year_specific_composition,2020,mangrove,non_mangrove_vegetation,0.046
year_specific_composition,2020,mangrove,water,0.008
year_specific_composition,2020,mangrove,built_up,0.0
year_specific_composition,2020,mangrove,other,0.0
year_specific_composition,2020,tidal_flat,mangrove,0.005780346820809248
year_specific_composition,2020,tidal_flat,tidal_flat,0.8265895953757225
year_specific_composition,2020,tidal_flat,non_mangrove_vegetation,0.046242774566473986
year_specific_composition,2020,tidal_flat,water,0.09826589595375723
year_specific_composition,2020,tidal_flat,built_up,0.0
year_specific_composition,2020,tidal_flat,other,0.023121387283236993
year_specific_composition,2020,non_mangrove_vegetation,mangrove,0.06796116504854369
year_specific_composition,2020,non_mangrove_vegetation,tidal_flat,0.007281553398058253
year_specific_composition,2020,non_mangrove_vegetation,non_mangrove_vegetation,0.8725728155339806
year_specific_composition,2020,non_mangrove_vegetation,water,0.01699029126213592
year_specific_composition,2020,non_mangrove_vegetation,built_up,0.02063106796116505
year_specific_composition,2020,non_mangrove_vegetation,other,0.014563106796116505
year_specific_composition,2020,water,mangrove,0.017316017316017316
year_specific_composition,2020,water,tidal_flat,0.07792207792207792
year_specific_composition,2020,water,non_mangrove_vegetation,0.017316017316017316
year_specific_composition,2020,water,water,0.8701298701298701
year_specific_composition,2020,water,built_up,0.010822510822510822
year_specific_composition,2020,water,other,0.006493506493506494
year_specific_composition,2020,built_up,mangrove,0.0021413276231263384
year_specific_composition,2020,built_up,tidal_flat,0.010706638115631691
year_specific_composition,2020,built_up,non_mangrove_vegetation,0.05139186295503212
year_specific_composition,2020,built_up,water,0.006423982869379015
year_specific_composition,2020,built_up,built_up,0.8865096359743041
year_specific_composition,2020,built_up,other,0.042826552462526764
year_specific_composition,2020,other,mangrove,0.0
year_specific_composition,2020,other,tidal_flat,0.05426356589147287
year_specific_composition,2020,other,non_mangrove_vegetation,0.023255813953488372
year_specific_composition,2020,other,water,0.007751937984496124
year_specific_composition,2020,other,built_up,0.10077519379844961
year_specific_composition,2020,other,other,0.813953488372093
observed,2023,mangrove,mangrove,1.0
observed,2023,mangrove,tidal_flat,0.0
observed,2023,mangrove,non_mangrove_vegetation,0.0
observed,2023,mangrove,water,0.0
observed,2023,mangrove,built_up,0.0
observed,2023,mangrove,other,0.0
observed,2023,tidal_flat,mangrove,0.0
observed,2023,tidal_flat,tidal_flat,1.0
observed,2023,tidal_flat,non_mangrove_vegetation,0.0
observed,2023,tidal_flat,water,0.0
observed,2023,tidal_flat,built_up,0.0
observed,2023,tidal_flat,other,0.0
observed,2023,non_mangrove_vegetation,mangrove,0.0
observed,2023,non_mangrove_vegetation,tidal_flat,0.0
observed,2023,non_mangrove_vegetation,non_mangrove_vegetation,1.0
observed,2023,non_mangrove_vegetation,water,0.0
observed,2023,non_mangrove_vegetation,built_up,0.0
observed,2023,non_mangrove_vegetation,other,0.0
observed,2023,water,mangrove,0.0
observed,2023,water,tidal_flat,0.0
observed,2023,water,non_mangrove_vegetation,0.0
observed,2023,water,water,1.0
observed,2023,water,built_up,0.0
observed,2023,water,other,0.0
observed,2023,built_up,mangrove,0.0
observed,2023,built_up,tidal_flat,0.0
observed,2023,built_up,non_mangrove_vegetation,0.0
observed,2023,built_up,water,0.0
observed,2023,built_up,built_up,1.0
observed,2023,built_up,other,0.0
observed,2023,other,mangrove,0.0
observed,2023,other,tidal_flat,0.0
observed,2023,other,non_mangrove_vegetation,0.0
observed,2023,other,water,0.0
observed,2023,other,built_up,0.0
observed,2023,other,other,1.0
pooled_composition,2023,mangrove,mangrove,0.9461883408071748
pooled_composition,2023,mangrove,tidal_flat,0.004484304932735426
pooled_composition,2023,mangrove,non_mangrove_vegetation,0.0458395615346288
pooled_composition,2023,mangrove,water,0.002491280518186348
pooled_composition,2023,mangrove,built_up,0.0004982561036372695
pooled_composition,2023,mangrove,other,0.0004982561036372695
pooled_composition,2023,tidal_flat,mangrove,0.007739938080495356
pooled_composition,2023,tidal_flat,tidal_flat,0.8823529411764706
pooled_composition,2023,tidal_flat,non_mangrove_vegetation,0.03869969040247678
pooled_composition,2023,tidal_flat,water,0.04953560371517028
pooled_composition,2023,tidal_flat,built_up,0.0046439628482972135
pooled_composition,2023,tidal_flat,other,0.017027863777089782
pooled_composition,2023,non_mangrove_vegetation,mangrove,0.08688524590163935
pooled_composition,2023,non_mangrove_vegetation,tidal_flat,0.00819672131147541
pooled_composition,2023,non_mangrove_vegetation,non_mangrove_vegetation,0.8468852459016394
pooled_composition,2023,non_mangrove_vegetation,water,0.018032786885245903
pooled_composition,2023,non_mangrove_vegetation,built_up,0.027868852459016394
pooled_composition,2023,non_mangrove_vegetation,other,0.012131147540983607
pooled_composition,2023,water,mangrove,0.009569377990430622
pooled_composition,2023,water,tidal_flat,0.0707070707070707
pooled_composition,2023,water,non_mangrove_vegetation,0.013822434875066455
pooled_composition,2023,water,water,0.88782562466773
pooled_composition,2023,water,built_up,0.008506113769271665
pooled_composition,2023,water,other,0.009569377990430622
pooled_composition,2023,built_up,mangrove,0.0011947431302270011
pooled_composition,2023,built_up,tidal_flat,0.008960573476702509
pooled_composition,2023,built_up,non_mangrove_vegetation,0.04121863799283154
pooled_composition,2023,built_up,water,0.008363201911589008
pooled_composition,2023,built_up,built_up,0.8960573476702509
pooled_composition,2023,built_up,other,0.04420549581839905
pooled_composition,2023,other,mangrove,0.003616636528028933
pooled_composition,2023,other,tidal_flat,0.08860759493670886
pooled_composition,2023,other,non_mangrove_vegetation,0.023508137432188065
pooled_composition,2023,other,water,0.007233273056057866
pooled_composition,2023,other,built_up,0.08860759493670886
pooled_composition,2023,other,other,0.7884267631103075
year_specific_composition,2023,mangrove,mangrove,0.9371428571428572
year_specific_composition,2023,mangrove,tidal_flat,0.007142857142857143
year_specific_composition,2023,mangrove,non_mangrove_vegetation,0.05285714285714286
year_specific_composition,2023,mangrove,water,0.0014285714285714286
year_specific_composition,2023,mangrove,built_up,0.0
year_specific_composition,2023,mangrove,other,0.0014285714285714286
year_specific_composition,2023,tidal_flat,mangrove,0.0
year_specific_composition,2023,tidal_flat,tidal_flat,0.9657142857142857
year_specific_composition,2023,tidal_flat,non_mangrove_vegetation,0.022857142857142857
year_specific_composition,2023,tidal_flat,water,0.0
year_specific_composition,2023,tidal_flat,built_up,0.0
year_specific_composition,2023,tidal_flat,other,0.011428571428571429
year_specific_composition,2023,non_mangrove_vegetation,mangrove,0.0510783200908059
year_specific_composition,2023,non_mangrove_vegetation,tidal_flat,0.01362088535754824
year_specific_composition,2023,non_mangrove_vegetation,non_mangrove_vegetation,0.8649262202043133
year_specific_composition,2023,non_mangrove_vegetation,water,0.019296254256526674
year_specific_composition,2023,non_mangrove_vegetation,built_up,0.029511918274687854
year_specific_composition,2023,non_mangrove_vegetation,other,0.021566401816118047
year_specific_composition,2023,water,mangrove,0.008130081300813009
year_specific_composition,2023,water,tidal_flat,0.06504065040650407
year_specific_composition,2023,water,non_mangrove_vegetation,0.0040650406504065045
year_specific_composition,2023,water,water,0.9024390243902439
year_specific_composition,2023,water,built_up,0.01016260162601626
year_specific_composition,2023,water,other,0.01016260162601626
year_specific_composition,2023,built_up,mangrove,0.0
year_specific_composition,2023,built_up,tidal_flat,0.01
year_specific_composition,2023,built_up,non_mangrove_vegetation,0.034
year_specific_composition,2023,built_up,water,0.01
year_specific_composition,2023,built_up,built_up,0.884
year_specific_composition,2023,built_up,other,0.062
year_specific_composition,2023,other,mangrove,0.005952380952380952
year_specific_composition,2023,other,tidal_flat,0.047619047619047616
year_specific_composition,2023,other,non_mangrove_vegetation,0.011904761904761904
year_specific_composition,2023,other,water,0.011904761904761904
year_specific_composition,2023,other,built_up,0.023809523809523808
year_specific_composition,2023,other,other,0.8988095238095238
