scenario,location_code,n,area_weighted_pMEHI,median_pMEHI_equal_cell
observed,AUS,8058,-0.03406330660827483,-0.009284856003989178
observed,BHR,36,-0.03203343679950672,-0.016269505321432648
observed,BRA,8637,-0.04358633104625406,-0.01821614147966244
observed,CHN,813,0.0012110077754777738,-0.004217827227543325
observed,COL,2171,1.9165683441099592e-05,0.0
observed,GHA,50,-0.056816005942734525,-0.04807781108653722
observed,GIN,4771,-0.03921255525987803,-0.020602382808170727
observed,IDN,3891,0.01743778591491586,0.017205230886907064
observed,IND,3397,-0.12102097951905366,-0.10512081495998127
observed,MEX,247,0.06664191157409735,0.05792703577376823
observed,MOZ,460,-0.012014466880080767,-0.0011030067094972146
observed,MYS,8850,0.02259805177311947,0.012951058104174629
observed,NGA,4355,0.13635024227288958,0.08427044762712027
observed,NZL,3802,0.010707675773457954,0.0008776163166021034
observed,PAK,1701,-0.010310847217975332,-0.0005355667017716281
observed,PHL,712,0.02725283234739062,0.018158541665021677
observed,SGP,374,-0.031329723710014135,-0.022277491373732694
observed,THA,3906,0.042275433975274855,0.03138295242607156
observed,USA,23278,-0.004256600807864939,0.0
pooled_composition,AUS,8058,-0.03585794812952473,-0.01003079016236727
pooled_composition,BHR,36,-0.03453513957261609,-0.016638725809267937
pooled_composition,BRA,8637,-0.043623909388024955,-0.019108379191917546
pooled_composition,CHN,813,0.0006525858878424881,-0.004308459262217179
pooled_composition,COL,2171,0.0003175759398712356,-0.0018445729450231596
pooled_composition,GHA,50,-0.05477909661191281,-0.046717739387442545
pooled_composition,GIN,4771,-0.040911315026683784,-0.022902797548459364
pooled_composition,IDN,3891,0.015154254714113823,0.01630483401544741
pooled_composition,IND,3397,-0.1181550445287338,-0.10391869579330565
pooled_composition,MEX,247,0.06471787577090847,0.056063829771116236
pooled_composition,MOZ,460,-0.005632823130438404,-6.223593927454085e-05
pooled_composition,MYS,8850,0.0225349459867798,0.013447020461782505
pooled_composition,NGA,4355,0.11207142592762738,0.08023823120649298
pooled_composition,NZL,3802,0.008093795374384977,0.0008465672753273507
pooled_composition,PAK,1701,-0.011261332571135374,-0.0014506624115723232
pooled_composition,PHL,712,0.024285752459960806,0.01650830829299285
pooled_composition,SGP,374,-0.031150481907052746,-0.021036854222093254
pooled_composition,THA,3906,0.040188204515233326,0.03092860854617467
pooled_composition,USA,23278,-0.004835456972865673,-4.736765422172495e-05
year_specific_composition,AUS,8058,-0.038443385516282444,-0.013118056817706752
year_specific_composition,BHR,36,-0.0375385096741116,-0.015416664824846077
year_specific_composition,BRA,8637,-0.045210556554630084,-0.021741141379092666
year_specific_composition,CHN,813,-0.0013058600280303494,-0.00679608441013152
year_specific_composition,COL,2171,0.00019310883191573256,-0.003541696139704398
year_specific_composition,GHA,50,-0.05617362117002413,-0.049013969279571135
year_specific_composition,GIN,4771,-0.042243771127851736,-0.02553204617364957
year_specific_composition,IDN,3891,0.01408561604041904,0.01563578967568563
year_specific_composition,IND,3397,-0.1200407849903483,-0.10617970868837567
year_specific_composition,MEX,247,0.06331340725525603,0.05667453995809191
year_specific_composition,MOZ,460,-0.0069000216163971765,-0.0030446792365207975
year_specific_composition,MYS,8850,0.022109589364216645,0.012930500861528263
year_specific_composition,NGA,4355,0.11042084563156965,0.08060220669680135
year_specific_composition,NZL,3802,0.00354021472722105,-0.0034712972331883
year_specific_composition,PAK,1701,-0.012845899361236719,-0.003274820762359687
year_specific_composition,PHL,712,0.023926919972720777,0.016506791517506225
year_specific_composition,SGP,374,-0.030838567826957416,-0.022250524055674376
year_specific_composition,THA,3906,0.03774722848490336,0.029226033223755
year_specific_composition,USA,23278,-0.005728701033335989,-0.0009046384625203685
three_block,AUS,8058,-0.04636800389678245,-0.011372028683984778
three_block,BHR,36,-0.028130088408826873,-0.020747948485155904
three_block,BRA,8637,-0.05494105613895087,-0.02225971799297244
three_block,CHN,813,0.002227298861193156,-0.0050158002768757315
three_block,COL,2171,-4.3500661625545414e-05,0.0
three_block,GHA,50,-0.07456440244415458,-0.06455957068458813
three_block,GIN,4771,-0.053171976105552514,-0.027207507394095554
three_block,IDN,3891,0.019738621859551282,0.02186231470419711
three_block,IND,3397,-0.13859842514381743,-0.12102165824724927
three_block,MEX,247,0.0808372791347464,0.07187303629530062
three_block,MOZ,460,-0.006880998007004554,-0.0007097478499172305
three_block,MYS,8850,0.027632060732232525,0.015678306213415844
three_block,NGA,4355,0.14545382298277715,0.10613365866362684
three_block,NZL,3802,0.009120732025528712,0.0010436814659665061
three_block,PAK,1701,-0.016202478157514053,-0.0010332819567466234
three_block,PHL,712,0.030310893387598514,0.02285469326469179
three_block,SGP,374,-0.04000805818179583,-0.027325249107202826
three_block,THA,3906,0.046689387639998275,0.039441132738552834
three_block,USA,23278,-0.005779559416759656,0.0
